q,p,exact_width,envelope
0.2,0.001,0.0021283650177962954,0.4
0.2,0.003495,0.0073955982420817875,0.4
0.2,0.00599,0.012602076752039141,0.4
0.2,0.008485,0.01774865087393042,0.4
0.2,0.01098,0.022836154032779644,0.4
0.2,0.013475,0.027865403160541934,0.4
0.2,0.015969999999999998,0.03283719909240572,0.4
0.2,0.018465,0.03775232695162745,0.4
0.2,0.02096,0.04261155652328306,0.4
0.2,0.023455,0.0474156426173054,0.4
0.2,0.02595,0.05216532542116364,0.4
0.2,0.028444999999999998,0.05686133084252604,0.4
0.2,0.03094,0.06150437084223575,0.4
0.2,0.033435,0.0660951437579164,0.4
0.2,0.03593,0.07063433461851228,0.4
0.2,0.038425,0.07512261545005719,0.4
0.2,0.04092,0.07956064557295467,0.4
0.2,0.043414999999999995,0.08394907189104217,0.4
0.2,0.04591,0.08828852917270165,0.4
0.2,0.048405,0.09257964032426956,0.4
0.2,0.0509,0.09682301665599015,0.4
0.2,0.053395,0.10101925814074704,0.4
0.2,0.055889999999999995,0.10516895366579948,0.4
0.2,0.058385,0.10927268127774188,0.4
0.2,0.06088,0.11333100842089756,0.4
0.2,0.06337499999999999,0.11734449216934915,0.4
0.2,0.06587,0.12131367945280276,0.4
0.2,0.068365,0.12523910727647403,0.4
0.2,0.07085999999999999,0.12912130293517948,0.4
0.2,0.07335499999999999,0.1329607842218084,0.4
0.2,0.07585,0.1367580596303465,0.4
0.2,0.078345,0.1405136285536142,0.4
0.2,0.08084,0.14422798147587948,0.4
0.2,0.08333499999999999,0.14790160016049686,0.4
0.2,0.08582999999999999,0.15153495783272197,0.4
0.2,0.088325,0.15512851935784364,0.4
0.2,0.09082,0.15868274141477107,0.4
0.2,0.093315,0.16219807266521122,0.4
0.2,0.09580999999999999,0.16567495391856368,0.4
0.2,0.09830499999999999,0.1691138182926579,0.4
0.2,0.1008,0.17251509137045404,0.4
0.2,0.103295,0.17587919135282318,0.4
0.2,0.10579,0.17920652920751978,0.4
0.2,0.10828499999999999,0.1824975088144551,0.4
0.2,0.11077999999999999,0.18575252710737747,0.4
0.2,0.11327499999999999,0.1889719742120606,0.4
0.2,0.11577,0.1921562335810991,0.4
0.2,0.118265,0.19530568212540617,0.4
0.2,0.12075999999999999,0.19842069034250692,0.4
0.2,0.12325499999999999,0.2015016224417146,0.4
0.2,0.12574999999999997,0.20454883646627867,0.4
0.2,0.128245,0.20756268441258685,0.4
0.2,0.13074,0.21054351234650265,0.4
0.2,0.133235,0.2134916605169175,0.4
0.2,0.13573,0.2164074634665928,0.4
0.2,0.138225,0.2192912501403658,0.4
0.2,0.14071999999999998,0.22214334399079128,0.4
0.2,0.14321499999999998,0.22496406308128714,0.4
0.2,0.14570999999999998,0.2277537201868522,0.4
0.2,0.148205,0.23051262289241953,0.4
0.2,0.1507,0.23324107368891003,0.4
0.2,0.153195,0.23593937006704635,0.4
0.2,0.15569,0.238607804608986,0.4
0.2,0.158185,0.24124666507783166,0.4
0.2,0.16068,0.24385623450507424,0.4
0.2,0.163175,0.2464367912760223,0.4
0.2,0.16566999999999998,0.24898860921327004,0.4
0.2,0.16816499999999998,0.25151195765825557,0.4
0.2,0.17065999999999998,0.2540071015509571,0.4
0.2,0.17315499999999998,0.2564743015077763,0.4
0.2,0.17565,0.2589138138976543,0.4
0.2,0.178145,0.26132589091646596,0.4
0.2,0.18064,0.26371078065973436,0.4
0.2,0.183135,0.2660687271937109,0.4
0.2,0.18563,0.268399970624859,0.4
0.2,0.188125,0.2707047471677833,0.4
0.2,0.19061999999999998,0.2729832892116422,0.4
0.2,0.19311499999999998,0.2752358253850819,0.4
0.2,0.19560999999999998,0.27746258061972784,0.4
0.2,0.19810499999999998,0.27966377621226957,0.4
0.2,0.2006,0.2818396298851737,0.4
0.2,0.203095,0.2839903558460574,0.4
0.2,0.20559,0.2861161648457561,0.4
0.2,0.208085,0.28821726423511596,0.4
0.2,0.21058,0.29029385802054336,0.4
0.2,0.213075,0.292346146918339,0.4
0.2,0.21556999999999998,0.294374328407847,0.4
0.2,0.21806499999999998,0.2963785967834484,0.4
0.2,0.22055999999999998,0.2983591432054233,0.4
0.2,0.22305499999999998,0.30031615574971016,0.4
0.2,0.22554999999999997,0.30224981945658924,0.4
0.2,0.228045,0.30416031637831287,0.4
0.2,0.23054,0.30604782562570765,0.4
0.2,0.233035,0.30791252341377484,0.4
0.2,0.23553,0.3097545831063083,0.4
0.2,0.238025,0.31157417525955483,0.4
0.2,0.24051999999999998,0.31337146766493806,0.4
0.2,0.24301499999999998,0.3151466253908677,0.4
0.2,0.24550999999999998,0.3168998108236537,0.4
0.2,0.24800499999999998,0.3186311837075469,0.4
0.2,0.25049999999999994,0.32034090118392466,0.4
0.2,0.25299499999999997,0.32202911782964033,0.4
0.2,0.25549,0.3236959856945567,0.4
0.2,0.25798499999999996,0.3253416543382794,0.4
0.2,0.26048,0.3269662708661092,0.4
0.2,0.26297499999999996,0.3285699799642296,0.4
0.2,0.26547,0.33015292393414714,0.4
0.2,0.267965,0.3317152427263987,0.4
0.2,0.27046,0.3332570739735446,0.4
0.2,0.272955,0.3347785530224591,0.4
0.2,0.27545,0.336279812965937,0.4
0.2,0.277945,0.3377609846736278,0.4
0.2,0.28043999999999997,0.3392221968223124,0.4
0.2,0.282935,0.3406635759255381,0.4
0.2,0.28542999999999996,0.34208524636262183,0.4
0.2,0.287925,0.34348733040703705,0.4
0.2,0.29041999999999996,0.34486994825419687,0.4
0.2,0.292915,0.3462332180486446,0.4
0.2,0.29541,0.3475772559106638,0.4
0.2,0.297905,0.34890217596232215,0.4
0.2,0.3004,0.3502080903529563,0.4
0.2,0.30289499999999997,0.3514951092841117,0.4
0.2,0.30539,0.35276334103394885,0.4
0.2,0.30788499999999996,0.35401289198112257,0.4
0.2,0.31038,0.35524386662814944,0.4
0.2,0.31287499999999996,0.3564563676242703,0.4
0.2,0.31537,0.3576504957878176,0.4
0.2,0.31786499999999995,0.35882635012809866,0.4
0.2,0.32036,0.3599840278668029,0.4
0.2,0.322855,0.36112362445894186,0.4
0.2,0.32535,0.36224523361333183,0.4
0.2,0.327845,0.3633489473126259,0.4
0.2,0.33033999999999997,0.3644348558329061,0.4
0.2,0.332835,0.3655030477628405,0.4
0.2,0.33532999999999996,0.366553610022417,0.4
0.2,0.337825,0.3675866278812571,0.4
0.2,0.34031999999999996,0.36860218497652114,0.4
0.2,0.342815,0.3696003633304096,0.4
0.2,0.34530999999999995,0.37058124336726855,0.4
0.2,0.347805,0.37154490393030576,0.4
0.2,0.3503,0.3724914222979245,0.4
0.2,0.35279499999999997,0.3734208741996812,0.4
0.2,0.35529,0.3743333338318732,0.4
0.2,0.35778499999999996,0.37522887387276377,0.4
0.2,0.36028,0.37610756549744806,0.4
0.2,0.36277499999999996,0.3769694783923691,0.4
0.2,0.36527,0.377814680769486,0.4
0.2,0.36776499999999995,0.3786432393801029,0.4
0.2,0.37026,0.37945521952836203,0.4
0.2,0.37275499999999995,0.38025068508440657,0.4
0.2,0.37525,0.3810296984972192,0.4
0.2,0.377745,0.3817923208071397,0.4
0.2,0.38023999999999997,0.38253861165806874,0.4
0.2,0.382735,0.38326862930935884,0.4
0.2,0.38522999999999996,0.38398243064740123,0.4
0.2,0.387725,0.3846800711969102,0.4
0.2,0.39021999999999996,0.3853616051319095,0.4
0.2,0.392715,0.38602708528642593,0.4
0.2,0.39520999999999995,0.38667656316489385,0.4
0.2,0.397705,0.38731008895227315,0.4
0.2,0.4002,0.38792771152388633,0.4
0.2,0.40269499999999997,0.3885294784549779,0.4
0.2,0.40519,0.38911543602999726,0.4
0.2,0.40768499999999996,0.3896856292516136,0.4
0.2,0.41018,0.39024010184946,0.4
0.2,0.41267499999999996,0.3907788962886146,0.4
0.2,0.41517,0.3913020537778199,0.4
0.2,0.41766499999999995,0.3918096142774439,0.4
0.2,0.42016,0.39230161650718476,0.4
0.2,0.42265499999999995,0.39277809795352386,0.4
0.2,0.42515,0.3932390948769276,0.4
0.2,0.427645,0.3936846423188031,0.4
0.2,0.43013999999999997,0.3941147741082073,0.4
0.2,0.432635,0.3945295228683151,0.4
0.2,0.43512999999999996,0.394928920022646,0.4
0.2,0.437625,0.39531299580105406,0.4
0.2,0.44011999999999996,0.3956817792454802,0.4
0.2,0.442615,0.3960352982154729,0.4
0.2,0.44510999999999995,0.3963735793934749,0.4
0.2,0.447605,0.39669664828988216,0.4
0.2,0.45009999999999994,0.3970045292478725,0.4
0.2,0.45259499999999997,0.3972972454480096,0.4
0.2,0.45509,0.39757481891262086,0.4
0.2,0.45758499999999996,0.3978372705099535,0.4
0.2,0.46008,0.39808461995810684,0.4
0.2,0.46257499999999996,0.39831688582874636,0.4
0.2,0.46507,0.39853408555059733,0.4
0.2,0.46756499999999995,0.3987362354127207,0.4
0.2,0.47006,0.39892335056757283,0.4
0.2,0.47255499999999995,0.39909544503384936,0.4
0.2,0.47505,0.399252531699114,0.4
0.2,0.47754499999999994,0.39939462232221457,0.4
0.2,0.48003999999999997,0.3995217275354849,0.4
0.2,0.482535,0.3996338568467362,0.4
0.2,0.48502999999999996,0.3997310186410354,0.4
0.2,0.487525,0.3998132201822742,0.4
0.2,0.49001999999999996,0.39988046761452656,0.4
0.2,0.492515,0.399932765963198,0.4
0.2,0.49500999999999995,0.3999701191359635,0.4
0.2,0.497505,0.39999252992349865,0.4
0.2,0.49999999999999994,0.4,0.4
0.2,0.5024949999999999,0.39999252992349865,0.4
0.2,0.5049899999999999,0.3999701191359635,0.4
0.2,0.507485,0.39993276596319804,0.4
0.2,0.50998,0.3998804676145266,0.4
0.2,0.512475,0.39981322018227416,0.4
0.2,0.5149699999999999,0.3997310186410354,0.4
0.2,0.517465,0.3996338568467362,0.4
0.2,0.51996,0.399521727535485,0.4
0.2,0.522455,0.3993946223222145,0.4
0.2,0.5249499999999999,0.399252531699114,0.4
0.2,0.5274449999999999,0.39909544503384936,0.4
0.2,0.52994,0.39892335056757283,0.4
0.2,0.532435,0.3987362354127207,0.4
0.2,0.53493,0.39853408555059733,0.4
0.2,0.5374249999999999,0.3983168858287464,0.4
0.2,0.53992,0.39808461995810684,0.4
0.2,0.542415,0.3978372705099535,0.4
0.2,0.54491,0.3975748189126209,0.4
0.2,0.5474049999999999,0.3972972454480096,0.4
0.2,0.5498999999999999,0.3970045292478725,0.4
0.2,0.552395,0.39669664828988216,0.4
0.2,0.55489,0.39637357939347495,0.4
0.2,0.5573849999999999,0.39603529821547284,0.4
0.2,0.5598799999999999,0.39568177924548026,0.4
0.2,0.562375,0.39531299580105406,0.4
0.2,0.56487,0.3949289200226461,0.4
0.2,0.567365,0.39452952286831505,0.4
0.2,0.5698599999999999,0.39411477410820733,0.4
0.2,0.572355,0.39368464231880307,0.4
0.2,0.57485,0.3932390948769276,0.4
0.2,0.577345,0.39277809795352386,0.4
0.2,0.5798399999999999,0.3923016165071848,0.4
0.2,0.5823349999999999,0.3918096142774439,0.4
0.2,0.58483,0.39130205377781996,0.4
0.2,0.587325,0.3907788962886146,0.4
0.2,0.58982,0.39024010184946006,0.4
0.2,0.5923149999999999,0.3896856292516136,0.4
0.2,0.59481,0.3891154360299973,0.4
0.2,0.597305,0.3885294784549778,0.4
0.2,0.5998,0.3879277115238864,0.4
0.2,0.6022949999999999,0.38731008895227315,0.4
0.2,0.6047899999999999,0.3866765631648938,0.4
0.2,0.607285,0.38602708528642593,0.4
0.2,0.60978,0.3853616051319094,0.4
0.2,0.6122749999999999,0.38468007119691017,0.4
0.2,0.6147699999999999,0.38398243064740123,0.4
0.2,0.617265,0.3832686293093588,0.4
0.2,0.61976,0.38253861165806874,0.4
0.2,0.622255,0.3817923208071397,0.4
0.2,0.6247499999999999,0.3810296984972192,0.4
0.2,0.6272449999999999,0.3802506850844066,0.4
0.2,0.62974,0.3794552195283621,0.4
0.2,0.632235,0.37864323938010297,0.4
0.2,0.6347299999999999,0.37781468076948604,0.4
0.2,0.6372249999999999,0.3769694783923692,0.4
0.2,0.63972,0.37610756549744817,0.4
0.2,0.642215,0.37522887387276377,0.4
0.2,0.64471,0.3743333338318732,0.4
0.2,0.6472049999999999,0.37342087419968123,0.4
0.2,0.6496999999999999,0.37249142229792453,0.4
0.2,0.652195,0.3715449039303058,0.4
0.2,0.65469,0.3705812433672685,0.4
0.2,0.6571849999999999,0.36960036333040963,0.4
0.2,0.6596799999999999,0.36860218497652114,0.4
0.2,0.662175,0.36758662788125707,0.4
0.2,0.66467,0.366553610022417,0.4
0.2,0.667165,0.3655030477628404,0.4
0.2,0.6696599999999999,0.3644348558329061,0.4
0.2,0.672155,0.36334894731262596,0.4
0.2,0.67465,0.3622452336133317,0.4
0.2,0.677145,0.3611236244589418,0.4
0.2,0.6796399999999999,0.359984027866803,0.4
0.2,0.6821349999999999,0.3588263501280986,0.4
0.2,0.68463,0.35765049578781755,0.4
0.2,0.687125,0.3564563676242703,0.4
0.2,0.6896199999999999,0.35524386662814944,0.4
0.2,0.6921149999999999,0.35401289198112246,0.4
0.2,0.69461,0.3527633410339489,0.4
0.2,0.697105,0.35149510928411176,0.4
0.2,0.6996,0.3502080903529563,0.4
0.2,0.7020949999999999,0.3489021759623222,0.4
0.2,0.7045899999999999,0.34757725591066385,0.4
0.2,0.707085,0.3462332180486446,0.4
0.2,0.70958,0.344869948254197,0.4
0.2,0.7120749999999999,0.34348733040703716,0.4
0.2,0.7145699999999999,0.3420852463626219,0.4
0.2,0.717065,0.34066357592553814,0.4
0.2,0.71956,0.3392221968223125,0.4
0.2,0.722055,0.33776098467362786,0.4
0.2,0.7245499999999999,0.3362798129659371,0.4
0.2,0.7270449999999999,0.3347785530224592,0.4
0.2,0.72954,0.3332570739735446,0.4
0.2,0.732035,0.3317152427263987,0.4
0.2,0.7345299999999999,0.3301529239341472,0.4
0.2,0.7370249999999999,0.32856997996422965,0.4
0.2,0.73952,0.32696627086610913,0.4
0.2,0.742015,0.3253416543382794,0.4
0.2,0.7445099999999999,0.32369598569455676,0.4
0.2,0.7470049999999999,0.3220291178296403,0.4
0.2,0.7494999999999999,0.32034090118392466,0.4
0.2,0.751995,0.3186311837075469,0.4
0.2,0.75449,0.3168998108236537,0.4
0.2,0.7569849999999999,0.3151466253908677,0.4
0.2,0.7594799999999999,0.3133714676649382,0.4
0.2,0.761975,0.31157417525955494,0.4
0.2,0.76447,0.30975458310630843,0.4
0.2,0.7669649999999999,0.30791252341377495,0.4
0.2,0.7694599999999999,0.3060478256257077,0.4
0.2,0.771955,0.3041603163783129,0.4
0.2,0.77445,0.30224981945658935,0.4
0.2,0.776945,0.30031615574971016,0.4
0.2,0.7794399999999999,0.2983591432054234,0.4
0.2,0.7819349999999999,0.2963785967834485,0.4
0.2,0.78443,0.294374328407847,0.4
0.2,0.786925,0.29234614691833893,0.4
0.2,0.7894199999999999,0.2902938580205435,0.4
0.2,0.7919149999999999,0.2882172642351162,0.4
0.2,0.79441,0.2861161648457562,0.4
0.2,0.796905,0.2839903558460575,0.4
0.2,0.7994,0.2818396298851738,0.4
0.2,0.8018949999999999,0.27966377621226973,0.4
0.2,0.8043899999999999,0.27746258061972784,0.4
0.2,0.806885,0.27523582538508196,0.4
0.2,0.80938,0.2729832892116423,0.4
0.2,0.8118749999999999,0.27070474716778337,0.4
0.2,0.8143699999999999,0.26839997062485904,0.4
0.2,0.816865,0.2660687271937109,0.4
0.2,0.81936,0.2637107806597344,0.4
0.2,0.8218549999999999,0.261325890916466,0.4
0.2,0.8243499999999999,0.25891381389765444,0.4
0.2,0.8268449999999999,0.25647430150777634,0.4
0.2,0.82934,0.2540071015509572,0.4
0.2,0.831835,0.25151195765825557,0.4
0.2,0.8343299999999999,0.2489886092132702,0.4
0.2,0.8368249999999999,0.24643679127602242,0.4
0.2,0.83932,0.24385623450507432,0.4
0.2,0.841815,0.2412466650778317,0.4
0.2,0.8443099999999999,0.23860780460898615,0.4
0.2,0.8468049999999999,0.23593937006704643,0.4
0.2,0.8492999999999999,0.23324107368891012,0.4
0.2,0.851795,0.23051262289241956,0.4
0.2,0.85429,0.2277537201868522,0.4
0.2,0.8567849999999999,0.22496406308128725,0.4
0.2,0.8592799999999999,0.2221433439907914,0.4
0.2,0.861775,0.2192912501403658,0.4
0.2,0.86427,0.21640746346659276,0.4
0.2,0.8667649999999999,0.21349166051691762,0.4
0.2,0.8692599999999999,0.2105435123465027,0.4
0.2,0.871755,0.2075626844125869,0.4
0.2,0.87425,0.20454883646627875,0.4
0.2,0.8767449999999999,0.2015016224417147,0.4
0.2,0.8792399999999999,0.198420690342507,0.4
0.2,0.8817349999999999,0.1953056821254063,0.4
0.2,0.88423,0.19215623358109915,0.4
0.2,0.886725,0.1889719742120607,0.4
0.2,0.8892199999999999,0.1857525271073776,0.4
0.2,0.8917149999999999,0.18249750881445523,0.4
0.2,0.89421,0.17920652920751984,0.4
0.2,0.896705,0.17587919135282315,0.4
0.2,0.8991999999999999,0.1725150913704542,0.4
0.2,0.9016949999999999,0.16911381829265806,0.4
0.2,0.9041899999999999,0.16567495391856382,0.4
0.2,0.906685,0.1621980726652113,0.4
0.2,0.90918,0.15868274141477107,0.4
0.2,0.9116749999999999,0.15512851935784377,0.4
0.2,0.9141699999999999,0.15153495783272217,0.4
0.2,0.916665,0.14790160016049697,0.4
0.2,0.91916,0.1442279814758795,0.4
0.2,0.9216549999999999,0.14051362855361443,0.4
0.2,0.9241499999999999,0.13675805963034662,0.4
0.2,0.9266449999999999,0.1329607842218085,0.4
0.2,0.92914,0.1291213029351795,0.4
0.2,0.9316349999999999,0.12523910727647425,0.4
0.2,0.9341299999999999,0.1213136794528029,0.4
0.2,0.9366249999999999,0.11734449216934925,0.4
0.2,0.93912,0.11333100842089762,0.4
0.2,0.941615,0.10927268127774194,0.4
0.2,0.9441099999999999,0.10516895366579963,0.4
0.2,0.9466049999999999,0.10101925814074716,0.4
0.2,0.9490999999999999,0.09682301665599023,0.4
0.2,0.951595,0.09257964032426962,0.4
0.2,0.9540899999999999,0.08828852917270187,0.4
0.2,0.9565849999999999,0.08394907189104235,0.4
0.2,0.9590799999999999,0.07956064557295481,0.4
0.2,0.961575,0.07512261545005726,0.4
0.2,0.96407,0.07063433461851232,0.4
0.2,0.9665649999999999,0.06609514375791661,0.4
0.2,0.9690599999999999,0.06150437084223589,0.4
0.2,0.971555,0.05686133084252614,0.4
0.2,0.97405,0.0521653254211637,0.4
0.2,0.9765449999999999,0.04741564261730562,0.4
0.2,0.9790399999999999,0.042611556523283224,0.4
0.2,0.9815349999999999,0.03775232695162759,0.4
0.2,0.98403,0.03283719909240579,0.4
0.2,0.986525,0.027865403160541966,0.4
0.2,0.9890199999999999,0.02283615403277985,0.4
0.2,0.9915149999999999,0.017748650873930575,0.4
0.2,0.99401,0.012602076752039247,0.4
0.2,0.996505,0.007395598242081844,0.4
0.2,0.999,0.0021283650177962975,0.4
0.5,0.001,0.0013302281361226849,0.25
0.5,0.003495,0.004622248901301117,0.25
0.5,0.00599,0.007876297970024464,0.25
0.5,0.008485,0.011092906796206514,0.25
0.5,0.01098,0.014272596270487277,0.25
0.5,0.013475,0.01741587697533871,0.25
0.5,0.015969999999999998,0.020523249432753573,0.25
0.5,0.018465,0.023595204344767157,0.25
0.5,0.02096,0.026632222827051903,0.25
0.5,0.023455,0.02963477663581587,0.25
0.5,0.02595,0.03260332838822728,0.25
0.5,0.028444999999999998,0.035538331776578766,0.25
0.5,0.03094,0.03844023177639735,0.25
0.5,0.033435,0.04130946484869776,0.25
0.5,0.03593,0.044146459136570164,0.25
0.5,0.038425,0.04695163465628575,0.25
0.5,0.04092,0.04972540348309666,0.25
0.5,0.043414999999999995,0.05246816993190136,0.25
0.5,0.04591,0.05518033073293853,0.25
0.5,0.048405,0.05786227520266846,0.25
0.5,0.0509,0.060514385409993834,0.25
0.5,0.053395,0.0631370363379669,0.25
0.5,0.055889999999999995,0.06573059604112466,0.25
0.5,0.058385,0.06829542579858867,0.25
0.5,0.06088,0.07083188026306098,0.25
0.5,0.06337499999999999,0.0733403076058432,0.25
0.5,0.06587,0.07582104965800172,0.25
0.5,0.068365,0.07827444204779628,0.25
0.5,0.07085999999999999,0.08070081433448717,0.25
0.5,0.07335499999999999,0.08310049013863025,0.25
0.5,0.07585,0.08547378726896655,0.25
0.5,0.078345,0.08782101784600889,0.25
0.5,0.08084,0.09014248842242467,0.25
0.5,0.08333499999999999,0.09243850010031054,0.25
0.5,0.08582999999999999,0.09470934864545125,0.25
0.5,0.088325,0.09695532459865226,0.25
0.5,0.09082,0.0991767133842319,0.25
0.5,0.093315,0.10137379541575701,0.25
0.5,0.09580999999999999,0.1035468461991023,0.25
0.5,0.09830499999999999,0.1056961364329112,0.25
0.5,0.1008,0.10782193210653378,0.25
0.5,0.103295,0.10992449459551448,0.25
0.5,0.10579,0.11200408075469986,0.25
0.5,0.10828499999999999,0.11406094300903441,0.25
0.5,0.11077999999999999,0.11609532944211091,0.25
0.5,0.11327499999999999,0.11810748388253789,0.25
0.5,0.11577,0.12009764598818694,0.25
0.5,0.118265,0.12206605132837886,0.25
0.5,0.12075999999999999,0.12401293146406683,0.25
0.5,0.12325499999999999,0.12593851402607162,0.25
0.5,0.12574999999999997,0.12784302279142415,0.25
0.5,0.128245,0.12972667775786675,0.25
0.5,0.13074,0.13158969521656413,0.25
0.5,0.133235,0.13343228782307343,0.25
0.5,0.13573,0.13525466466662048,0.25
0.5,0.138225,0.13705703133772862,0.25
0.5,0.14071999999999998,0.13883958999424453,0.25
0.5,0.14321499999999998,0.14060253942580445,0.25
0.5,0.14570999999999998,0.1423460751167826,0.25
0.5,0.148205,0.14407038930776223,0.25
0.5,0.1507,0.14577567105556877,0.25
0.5,0.153195,0.14746210629190395,0.25
0.5,0.15569,0.14912987788061627,0.25
0.5,0.158185,0.1507791656736448,0.25
0.5,0.16068,0.1524101465656714,0.25
0.5,0.163175,0.15402299454751392,0.25
0.5,0.16566999999999998,0.15561788075829378,0.25
0.5,0.16816499999999998,0.15719497353640974,0.25
0.5,0.17065999999999998,0.1587544384693482,0.25
0.5,0.17315499999999998,0.16029643844236013,0.25
0.5,0.17565,0.16182113368603393,0.25
0.5,0.178145,0.16332868182279123,0.25
0.5,0.18064,0.16481923791233397,0.25
0.5,0.183135,0.1662929544960693,0.25
0.5,0.18563,0.16774998164053687,0.25
0.5,0.188125,0.16919046697986456,0.25
0.5,0.19061999999999998,0.17061455575727638,0.25
0.5,0.19311499999999998,0.1720223908656762,0.25
0.5,0.19560999999999998,0.17341411288732986,0.25
0.5,0.19810499999999998,0.17478986013266848,0.25
0.5,0.2006,0.17614976867823356,0.25
0.5,0.203095,0.1774939724037859,0.25
0.5,0.20559,0.17882260302859754,0.25
0.5,0.208085,0.18013579014694747,0.25
0.5,0.21058,0.18143366126283958,0.25
0.5,0.213075,0.18271634182396185,0.25
0.5,0.21556999999999998,0.18398395525490435,0.25
0.5,0.21806499999999998,0.18523662298965524,0.25
0.5,0.22055999999999998,0.18647446450338953,0.25
0.5,0.22305499999999998,0.18769759734356883,0.25
0.5,0.22554999999999997,0.18890613716036828,0.25
0.5,0.228045,0.19010019773644554,0.25
0.5,0.23054,0.19127989101606724,0.25
0.5,0.233035,0.19244532713360926,0.25
0.5,0.23553,0.19359661444144272,0.25
0.5,0.238025,0.19473385953722175,0.25
0.5,0.24051999999999998,0.19585716729058628,0.25
0.5,0.24301499999999998,0.19696664086929228,0.25
0.5,0.24550999999999998,0.19806238176478355,0.25
0.5,0.24800499999999998,0.1991444898172168,0.25
0.5,0.25049999999999994,0.2002130632399529,0.25
0.5,0.25299499999999997,0.2012681986435252,0.25
0.5,0.25549,0.20230999105909792,0.25
0.5,0.25798499999999996,0.20333853396142457,0.25
0.5,0.26048,0.20435391929131821,0.25
0.5,0.26297499999999996,0.20535623747764348,0.25
0.5,0.26547,0.2063455774588419,0.25
0.5,0.267965,0.20732202670399918,0.25
0.5,0.27046,0.20828567123346534,0.25
0.5,0.272955,0.20923659563903696,0.25
0.5,0.27545,0.21017488310371063,0.25
0.5,0.277945,0.21110061542101738,0.25
0.5,0.28043999999999997,0.21201387301394525,0.25
0.5,0.282935,0.21291473495346128,0.25
0.5,0.28542999999999996,0.21380327897663864,0.25
0.5,0.287925,0.21467958150439817,0.25
0.5,0.29041999999999996,0.215543717658873,0.25
0.5,0.292915,0.21639576128040283,0.25
0.5,0.29541,0.21723578494416487,0.25
0.5,0.297905,0.21806385997645134,0.25
0.5,0.3004,0.21888005647059766,0.25
0.5,0.30289499999999997,0.21968444330256984,0.25
0.5,0.30539,0.220477088146218,0.25
0.5,0.30788499999999996,0.22125805748820157,0.25
0.5,0.31038,0.2220274166425934,0.25
0.5,0.31287499999999996,0.22278522976516893,0.25
0.5,0.31537,0.22353155986738596,0.25
0.5,0.31786499999999995,0.22426646883006165,0.25
0.5,0.32036,0.2249900174167518,0.25
0.5,0.322855,0.22570226528683865,0.25
0.5,0.32535,0.22640327100833235,0.25
0.5,0.327845,0.22709309207039116,0.25
0.5,0.33033999999999997,0.22777178489556626,0.25
0.5,0.332835,0.2284394048517753,0.25
0.5,0.33532999999999996,0.2290960062640106,0.25
0.5,0.337825,0.22974164242578568,0.25
0.5,0.34031999999999996,0.23037636561032568,0.25
0.5,0.342815,0.23100022708150597,0.25
0.5,0.34530999999999995,0.2316132771045428,0.25
0.5,0.347805,0.23221556495644108,0.25
0.5,0.3503,0.23280713893620283,0.25
0.5,0.35279499999999997,0.23338804637480073,0.25
0.5,0.35529,0.23395833364492077,0.25
0.5,0.35778499999999996,0.23451804617047733,0.25
0.5,0.36028,0.23506722843590505,0.25
0.5,0.36277499999999996,0.2356059239952307,0.25
0.5,0.36527,0.23613417548092874,0.25
0.5,0.36776499999999995,0.23665202461256432,0.25
0.5,0.37026,0.23715951220522627,0.25
0.5,0.37275499999999995,0.23765667817775407,0.25
0.5,0.37525,0.23814356156076194,0.25
0.5,0.377745,0.23862020050446234,0.25
0.5,0.38023999999999997,0.23908663228629293,0.25
0.5,0.382735,0.23954289331834927,0.25
0.5,0.38522999999999996,0.23998901915462573,0.25
0.5,0.387725,0.24042504449806884,0.25
0.5,0.39021999999999996,0.24085100320744338,0.25
0.5,0.392715,0.2412669283040162,0.25
0.5,0.39520999999999995,0.24167285197805866,0.25
0.5,0.397705,0.2420688055951707,0.25
0.5,0.4002,0.24245481970242896,0.25
0.5,0.40269499999999997,0.24283092403436113,0.25
0.5,0.40519,0.24319714751874827,0.25
0.5,0.40768499999999996,0.2435535182822585,0.25
0.5,0.41018,0.2439000636559125,0.25
0.5,0.41267499999999996,0.24423681018038412,0.25
0.5,0.41517,0.24456378361113745,0.25
0.5,0.41766499999999995,0.24488100892340242,0.25
0.5,0.42016,0.2451885103169905,0.25
0.5,0.42265499999999995,0.24548631122095238,0.25
0.5,0.42515,0.24577443429807977,0.25
0.5,0.427645,0.24605290144925193,0.25
0.5,0.43013999999999997,0.24632173381762953,0.25
0.5,0.432635,0.24658095179269687,0.25
0.5,0.43512999999999996,0.24683057501415379,0.25
0.5,0.437625,0.24707062237565877,0.25
0.5,0.44011999999999996,0.2473011120284251,0.25
0.5,0.442615,0.24752206138467053,0.25
0.5,0.44510999999999995,0.2477334871209218,0.25
0.5,0.447605,0.24793540518117635,0.25
0.5,0.45009999999999994,0.24812783077992032,0.25
0.5,0.45259499999999997,0.24831077840500596,0.25
0.5,0.45509,0.24848426182038807,0.25
0.5,0.45758499999999996,0.2486482940687209,0.25
0.5,0.46008,0.24880288747381674,0.25
0.5,0.46257499999999996,0.24894805364296646,0.25
0.5,0.46507,0.24908380346912332,0.25
0.5,0.46756499999999995,0.24921014713295042,0.25
0.5,0.47006,0.249327094104733,0.25
0.5,0.47255499999999995,0.24943465314615584,0.25
0.5,0.47505,0.24953283231194626,0.25
0.5,0.47754499999999994,0.24962163895138406,0.25
0.5,0.48003999999999997,0.2497010797096781,0.25
0.5,0.482535,0.24977116052921008,0.25
0.5,0.48502999999999996,0.24983188665064712,0.25
0.5,0.487525,0.24988326261392135,0.25
0.5,0.49001999999999996,0.2499252922590791,0.25
0.5,0.492515,0.24995797872699874,0.25
0.5,0.49500999999999995,0.24998132445997717,0.25
0.5,0.497505,0.24999533120218662,0.25
0.5,0.49999999999999994,0.25,0.25
0.5,0.5024949999999999,0.24999533120218662,0.25
0.5,0.5049899999999999,0.24998132445997717,0.25
0.5,0.507485,0.24995797872699874,0.25
0.5,0.50998,0.2499252922590791,0.25
0.5,0.512475,0.24988326261392135,0.25
0.5,0.5149699999999999,0.24983188665064712,0.25
0.5,0.517465,0.24977116052921008,0.25
0.5,0.51996,0.2497010797096781,0.25
0.5,0.522455,0.24962163895138406,0.25
0.5,0.5249499999999999,0.24953283231194628,0.25
0.5,0.5274449999999999,0.24943465314615584,0.25
0.5,0.52994,0.24932709410473303,0.25
0.5,0.532435,0.24921014713295042,0.25
0.5,0.53493,0.24908380346912332,0.25
0.5,0.5374249999999999,0.2489480536429665,0.25
0.5,0.53992,0.24880288747381674,0.25
0.5,0.542415,0.2486482940687209,0.25
0.5,0.54491,0.24848426182038807,0.25
0.5,0.5474049999999999,0.24831077840500598,0.25
0.5,0.5498999999999999,0.24812783077992032,0.25
0.5,0.552395,0.24793540518117635,0.25
0.5,0.55489,0.24773348712092183,0.25
0.5,0.5573849999999999,0.2475220613846705,0.25
0.5,0.5598799999999999,0.2473011120284251,0.25
0.5,0.562375,0.24707062237565877,0.25
0.5,0.56487,0.24683057501415379,0.25
0.5,0.567365,0.24658095179269687,0.25
0.5,0.5698599999999999,0.24632173381762953,0.25
0.5,0.572355,0.24605290144925193,0.25
0.5,0.57485,0.24577443429807977,0.25
0.5,0.577345,0.24548631122095238,0.25
0.5,0.5798399999999999,0.24518851031699052,0.25
0.5,0.5823349999999999,0.24488100892340242,0.25
0.5,0.58483,0.24456378361113745,0.25
0.5,0.587325,0.24423681018038412,0.25
0.5,0.58982,0.2439000636559125,0.25
0.5,0.5923149999999999,0.24355351828225852,0.25
0.5,0.59481,0.24319714751874832,0.25
0.5,0.597305,0.24283092403436113,0.25
0.5,0.5998,0.24245481970242896,0.25
0.5,0.6022949999999999,0.24206880559517072,0.25
0.5,0.6047899999999999,0.24167285197805863,0.25
0.5,0.607285,0.24126692830401616,0.25
0.5,0.60978,0.24085100320744338,0.25
0.5,0.6122749999999999,0.24042504449806884,0.25
0.5,0.6147699999999999,0.23998901915462575,0.25
0.5,0.617265,0.23954289331834924,0.25
0.5,0.61976,0.23908663228629295,0.25
0.5,0.622255,0.23862020050446234,0.25
0.5,0.6247499999999999,0.23814356156076197,0.25
0.5,0.6272449999999999,0.23765667817775413,0.25
0.5,0.62974,0.2371595122052263,0.25
0.5,0.632235,0.23665202461256435,0.25
0.5,0.6347299999999999,0.23613417548092877,0.25
0.5,0.6372249999999999,0.23560592399523073,0.25
0.5,0.63972,0.23506722843590508,0.25
0.5,0.642215,0.23451804617047736,0.25
0.5,0.64471,0.23395833364492077,0.25
0.5,0.6472049999999999,0.23338804637480076,0.25
0.5,0.6496999999999999,0.2328071389362028,0.25
0.5,0.652195,0.2322155649564411,0.25
0.5,0.65469,0.23161327710454283,0.25
0.5,0.6571849999999999,0.23100022708150603,0.25
0.5,0.6596799999999999,0.2303763656103257,0.25
0.5,0.662175,0.22974164242578565,0.25
0.5,0.66467,0.22909600626401064,0.25
0.5,0.667165,0.2284394048517753,0.25
0.5,0.6696599999999999,0.2277717848955663,0.25
0.5,0.672155,0.22709309207039122,0.25
0.5,0.67465,0.22640327100833232,0.25
0.5,0.677145,0.22570226528683865,0.25
0.5,0.6796399999999999,0.22499001741675187,0.25
0.5,0.6821349999999999,0.22426646883006165,0.25
0.5,0.68463,0.22353155986738596,0.25
0.5,0.687125,0.22278522976516893,0.25
0.5,0.6896199999999999,0.2220274166425934,0.25
0.5,0.6921149999999999,0.22125805748820154,0.25
0.5,0.69461,0.22047708814621805,0.25
0.5,0.697105,0.21968444330256987,0.25
0.5,0.6996,0.21888005647059766,0.25
0.5,0.7020949999999999,0.2180638599764514,0.25
0.5,0.7045899999999999,0.2172357849441649,0.25
0.5,0.707085,0.21639576128040286,0.25
0.5,0.70958,0.21554371765887304,0.25
0.5,0.7120749999999999,0.21467958150439823,0.25
0.5,0.7145699999999999,0.21380327897663867,0.25
0.5,0.717065,0.21291473495346133,0.25
0.5,0.71956,0.21201387301394528,0.25
0.5,0.722055,0.21110061542101738,0.25
0.5,0.7245499999999999,0.21017488310371069,0.25
0.5,0.7270449999999999,0.20923659563903696,0.25
0.5,0.72954,0.20828567123346536,0.25
0.5,0.732035,0.20732202670399918,0.25
0.5,0.7345299999999999,0.206345577458842,0.25
0.5,0.7370249999999999,0.20535623747764353,0.25
0.5,0.73952,0.2043539192913182,0.25
0.5,0.742015,0.2033385339614246,0.25
0.5,0.7445099999999999,0.202309991059098,0.25
0.5,0.7470049999999999,0.2012681986435252,0.25
0.5,0.7494999999999999,0.20021306323995286,0.25
0.5,0.751995,0.19914448981721683,0.25
0.5,0.75449,0.19806238176478355,0.25
0.5,0.7569849999999999,0.19696664086929228,0.25
0.5,0.7594799999999999,0.19585716729058633,0.25
0.5,0.761975,0.1947338595372218,0.25
0.5,0.76447,0.19359661444144274,0.25
0.5,0.7669649999999999,0.19244532713360932,0.25
0.5,0.7694599999999999,0.1912798910160673,0.25
0.5,0.771955,0.19010019773644554,0.25
0.5,0.77445,0.18890613716036833,0.25
0.5,0.776945,0.18769759734356886,0.25
0.5,0.7794399999999999,0.18647446450338961,0.25
0.5,0.7819349999999999,0.18523662298965532,0.25
0.5,0.78443,0.18398395525490435,0.25
0.5,0.786925,0.18271634182396182,0.25
0.5,0.7894199999999999,0.1814336612628397,0.25
0.5,0.7919149999999999,0.18013579014694758,0.25
0.5,0.79441,0.17882260302859762,0.25
0.5,0.796905,0.1774939724037859,0.25
0.5,0.7994,0.17614976867823356,0.25
0.5,0.8018949999999999,0.17478986013266856,0.25
0.5,0.8043899999999999,0.1734141128873299,0.25
0.5,0.806885,0.17202239086567622,0.25
0.5,0.80938,0.1706145557572764,0.25
0.5,0.8118749999999999,0.16919046697986456,0.25
0.5,0.8143699999999999,0.16774998164053687,0.25
0.5,0.816865,0.1662929544960693,0.25
0.5,0.81936,0.164819237912334,0.25
0.5,0.8218549999999999,0.16332868182279126,0.25
0.5,0.8243499999999999,0.16182113368603404,0.25
0.5,0.8268449999999999,0.16029643844236022,0.25
0.5,0.82934,0.1587544384693482,0.25
0.5,0.831835,0.15719497353640974,0.25
0.5,0.8343299999999999,0.15561788075829386,0.25
0.5,0.8368249999999999,0.154022994547514,0.25
0.5,0.83932,0.15241014656567145,0.25
0.5,0.841815,0.15077916567364483,0.25
0.5,0.8443099999999999,0.14912987788061632,0.25
0.5,0.8468049999999999,0.147462106291904,0.25
0.5,0.8492999999999999,0.1457756710555688,0.25
0.5,0.851795,0.1440703893077622,0.25
0.5,0.85429,0.1423460751167826,0.25
0.5,0.8567849999999999,0.14060253942580453,0.25
0.5,0.8592799999999999,0.1388395899942446,0.25
0.5,0.861775,0.13705703133772862,0.25
0.5,0.86427,0.13525466466662048,0.25
0.5,0.8667649999999999,0.1334322878230735,0.25
0.5,0.8692599999999999,0.1315896952165642,0.25
0.5,0.871755,0.1297266777578668,0.25
0.5,0.87425,0.1278430227914242,0.25
0.5,0.8767449999999999,0.1259385140260717,0.25
0.5,0.8792399999999999,0.12401293146406688,0.25
0.5,0.8817349999999999,0.12206605132837892,0.25
0.5,0.88423,0.12009764598818695,0.25
0.5,0.886725,0.11810748388253793,0.25
0.5,0.8892199999999999,0.116095329442111,0.25
0.5,0.8917149999999999,0.1140609430090345,0.25
0.5,0.89421,0.11200408075469988,0.25
0.5,0.896705,0.10992449459551448,0.25
0.5,0.8991999999999999,0.10782193210653386,0.25
0.5,0.9016949999999999,0.10569613643291129,0.25
0.5,0.9041899999999999,0.10354684619910237,0.25
0.5,0.906685,0.10137379541575706,0.25
0.5,0.90918,0.09917671338423191,0.25
0.5,0.9116749999999999,0.09695532459865235,0.25
0.5,0.9141699999999999,0.09470934864545133,0.25
0.5,0.916665,0.0924385001003106,0.25
0.5,0.91916,0.09014248842242469,0.25
0.5,0.9216549999999999,0.08782101784600901,0.25
0.5,0.9241499999999999,0.08547378726896664,0.25
0.5,0.9266449999999999,0.0831004901386303,0.25
0.5,0.92914,0.0807008143344872,0.25
0.5,0.9316349999999999,0.0782744420477964,0.25
0.5,0.9341299999999999,0.07582104965800181,0.25
0.5,0.9366249999999999,0.07334030760584327,0.25
0.5,0.93912,0.07083188026306102,0.25
0.5,0.941615,0.0682954257985887,0.25
0.5,0.9441099999999999,0.06573059604112476,0.25
0.5,0.9466049999999999,0.06313703633796698,0.25
0.5,0.9490999999999999,0.060514385409993904,0.25
0.5,0.951595,0.057862275202668505,0.25
0.5,0.9540899999999999,0.05518033073293866,0.25
0.5,0.9565849999999999,0.052468169931901475,0.25
0.5,0.9590799999999999,0.04972540348309675,0.25
0.5,0.961575,0.04695163465628578,0.25
0.5,0.96407,0.04414645913657019,0.25
0.5,0.9665649999999999,0.04130946484869787,0.25
0.5,0.9690599999999999,0.03844023177639743,0.25
0.5,0.971555,0.035538331776578835,0.25
0.5,0.97405,0.03260332838822731,0.25
0.5,0.9765449999999999,0.02963477663581601,0.25
0.5,0.9790399999999999,0.026632222827052014,0.25
0.5,0.9815349999999999,0.023595204344767244,0.25
0.5,0.98403,0.020523249432753618,0.25
0.5,0.986525,0.017415876975338727,0.25
0.5,0.9890199999999999,0.014272596270487407,0.25
0.5,0.9915149999999999,0.011092906796206609,0.25
0.5,0.99401,0.007876297970024529,0.25
0.5,0.996505,0.004622248901301152,0.25
0.5,0.999,0.001330228136122686,0.25
0.8,0.001,0.0005320912544490737,0.09999999999999998
0.8,0.003495,0.0018488995605204464,0.09999999999999998
0.8,0.00599,0.0031505191880097845,0.09999999999999998
0.8,0.008485,0.004437162718482605,0.09999999999999998
0.8,0.01098,0.00570903850819491,0.09999999999999998
0.8,0.013475,0.006966350790135481,0.09999999999999998
0.8,0.015969999999999998,0.008209299773101428,0.09999999999999998
0.8,0.018465,0.00943808173790686,0.09999999999999998
0.8,0.02096,0.01065288913082076,0.09999999999999998
0.8,0.023455,0.011853910654326347,0.09999999999999998
0.8,0.02595,0.013041331355290906,0.09999999999999998
0.8,0.028444999999999998,0.014215332710631507,0.09999999999999998
0.8,0.03094,0.015376092710558932,0.09999999999999998
0.8,0.033435,0.016523785939479098,0.09999999999999998
0.8,0.03593,0.017658583654628062,0.09999999999999998
0.8,0.038425,0.01878065386251429,0.09999999999999998
0.8,0.04092,0.019890161393238664,0.09999999999999998
0.8,0.043414999999999995,0.020987267972760536,0.09999999999999998
0.8,0.04591,0.022072132293175405,0.09999999999999998
0.8,0.048405,0.023144910081067383,0.09999999999999998
0.8,0.0509,0.02420575416399753,0.09999999999999998
0.8,0.053395,0.025254814535186753,0.09999999999999998
0.8,0.055889999999999995,0.02629223841644986,0.09999999999999998
0.8,0.058385,0.027318170319435467,0.09999999999999998
0.8,0.06088,0.02833275210522438,0.09999999999999998
0.8,0.06337499999999999,0.029336123042337278,0.09999999999999998
0.8,0.06587,0.03032841986320068,0.09999999999999998
0.8,0.068365,0.0313097768191185,0.09999999999999998
0.8,0.07085999999999999,0.03228032573379486,0.09999999999999998
0.8,0.07335499999999999,0.033240196055452094,0.09999999999999998
0.8,0.07585,0.034189514907586614,0.09999999999999998
0.8,0.078345,0.035128407138403546,0.09999999999999998
0.8,0.08084,0.03605699536896986,0.09999999999999998
0.8,0.08333499999999999,0.03697540004012421,0.09999999999999998
0.8,0.08582999999999999,0.037883739458180486,0.09999999999999998
0.8,0.088325,0.038782129839460895,0.09999999999999998
0.8,0.09082,0.03967068535369276,0.09999999999999998
0.8,0.093315,0.0405495181663028,0.09999999999999998
0.8,0.09580999999999999,0.041418738479640914,0.09999999999999998
0.8,0.09830499999999999,0.04227845457316447,0.09999999999999998
0.8,0.1008,0.0431287728426135,0.09999999999999998
0.8,0.103295,0.04396979783820578,0.09999999999999998
0.8,0.10579,0.044801632301879925,0.09999999999999998
0.8,0.10828499999999999,0.04562437720361376,0.09999999999999998
0.8,0.11077999999999999,0.04643813177684435,0.09999999999999998
0.8,0.11327499999999999,0.047242993553015145,0.09999999999999998
0.8,0.11577,0.04803905839527476,0.09999999999999998
0.8,0.118265,0.04882642053135153,0.09999999999999998
0.8,0.12075999999999999,0.04960517258562672,0.09999999999999998
0.8,0.12325499999999999,0.05037540561042864,0.09999999999999998
0.8,0.12574999999999997,0.05113720911656965,0.09999999999999998
0.8,0.128245,0.0518906711031467,0.09999999999999998
0.8,0.13074,0.05263587808662565,0.09999999999999998
0.8,0.133235,0.053372915129229356,0.09999999999999998
0.8,0.13573,0.05410186586664818,0.09999999999999998
0.8,0.138225,0.05482281253509143,0.09999999999999998
0.8,0.14071999999999998,0.0555358359976978,0.09999999999999998
0.8,0.14321499999999998,0.05624101577032178,0.09999999999999998
0.8,0.14570999999999998,0.05693843004671303,0.09999999999999998
0.8,0.148205,0.05762815572310487,0.09999999999999998
0.8,0.1507,0.058310268422227494,0.09999999999999998
0.8,0.153195,0.05898484251676157,0.09999999999999998
0.8,0.15569,0.05965195115224649,0.09999999999999998
0.8,0.158185,0.0603116662694579,0.09999999999999998
0.8,0.16068,0.060964058626268545,0.09999999999999998
0.8,0.163175,0.06160919781900556,0.09999999999999998
0.8,0.16566999999999998,0.0622471523033175,0.09999999999999998
0.8,0.16816499999999998,0.06287798941456388,0.09999999999999998
0.8,0.17065999999999998,0.06350177538773927,0.09999999999999998
0.8,0.17315499999999998,0.06411857537694404,0.09999999999999998
0.8,0.17565,0.06472845347441356,0.09999999999999998
0.8,0.178145,0.06533147272911648,0.09999999999999998
0.8,0.18064,0.06592769516493359,0.09999999999999998
0.8,0.183135,0.06651718179842771,0.09999999999999998
0.8,0.18563,0.06709999265621473,0.09999999999999998
0.8,0.188125,0.06767618679194581,0.09999999999999998
0.8,0.19061999999999998,0.06824582230291054,0.09999999999999998
0.8,0.19311499999999998,0.06880895634627046,0.09999999999999998
0.8,0.19560999999999998,0.06936564515493195,0.09999999999999998
0.8,0.19810499999999998,0.06991594405306738,0.09999999999999998
0.8,0.2006,0.07045990747129341,0.09999999999999998
0.8,0.203095,0.07099758896151434,0.09999999999999998
0.8,0.20559,0.07152904121143899,0.09999999999999998
0.8,0.208085,0.07205431605877897,0.09999999999999998
0.8,0.21058,0.07257346450513581,0.09999999999999998
0.8,0.213075,0.07308653672958472,0.09999999999999998
0.8,0.21556999999999998,0.07359358210196172,0.09999999999999998
0.8,0.21806499999999998,0.07409464919586208,0.09999999999999998
0.8,0.22055999999999998,0.07458978580135579,0.09999999999999998
0.8,0.22305499999999998,0.07507903893742751,0.09999999999999998
0.8,0.22554999999999997,0.0755624548641473,0.09999999999999998
0.8,0.228045,0.07604007909457819,0.09999999999999998
0.8,0.23054,0.07651195640642688,0.09999999999999998
0.8,0.233035,0.07697813085344368,0.09999999999999998
0.8,0.23553,0.07743864577657707,0.09999999999999998
0.8,0.238025,0.0778935438148887,0.09999999999999998
0.8,0.24051999999999998,0.07834286691623449,0.09999999999999998
0.8,0.24301499999999998,0.07878665634771691,0.09999999999999998
0.8,0.24550999999999998,0.07922495270591341,0.09999999999999998
0.8,0.24800499999999998,0.07965779592688671,0.09999999999999998
0.8,0.25049999999999994,0.08008522529598114,0.09999999999999998
0.8,0.25299499999999997,0.08050727945741007,0.09999999999999998
0.8,0.25549,0.08092399642363915,0.09999999999999998
0.8,0.25798499999999996,0.08133541358456982,0.09999999999999998
0.8,0.26048,0.08174156771652727,0.09999999999999998
0.8,0.26297499999999996,0.08214249499105739,0.09999999999999998
0.8,0.26547,0.08253823098353677,0.09999999999999998
0.8,0.267965,0.08292881068159966,0.09999999999999998
0.8,0.27046,0.08331426849338612,0.09999999999999998
0.8,0.272955,0.08369463825561475,0.09999999999999998
0.8,0.27545,0.08406995324148422,0.09999999999999998
0.8,0.277945,0.08444024616840694,0.09999999999999998
0.8,0.28043999999999997,0.08480554920557808,0.09999999999999998
0.8,0.282935,0.0851658939813845,0.09999999999999998
0.8,0.28542999999999996,0.08552131159065543,0.09999999999999998
0.8,0.287925,0.08587183260175925,0.09999999999999998
0.8,0.29041999999999996,0.08621748706354919,0.09999999999999998
0.8,0.292915,0.08655830451216111,0.09999999999999998
0.8,0.29541,0.08689431397766592,0.09999999999999998
0.8,0.297905,0.08722554399058052,0.09999999999999998
0.8,0.3004,0.08755202258823905,0.09999999999999998
0.8,0.30289499999999997,0.08787377732102791,0.09999999999999998
0.8,0.30539,0.08819083525848719,0.09999999999999998
0.8,0.30788499999999996,0.08850322299528061,0.09999999999999998
0.8,0.31038,0.08881096665703735,0.09999999999999998
0.8,0.31287499999999996,0.08911409190606753,0.09999999999999998
0.8,0.31537,0.08941262394695436,0.09999999999999998
0.8,0.31786499999999995,0.08970658753202465,0.09999999999999998
0.8,0.32036,0.0899960069667007,0.09999999999999998
0.8,0.322855,0.09028090611473544,0.09999999999999998
0.8,0.32535,0.09056130840333292,0.09999999999999998
0.8,0.327845,0.09083723682815645,0.09999999999999998
0.8,0.33033999999999997,0.09110871395822648,0.09999999999999998
0.8,0.332835,0.09137576194071009,0.09999999999999998
0.8,0.33532999999999996,0.09163840250560422,0.09999999999999998
0.8,0.337825,0.09189665697031425,0.09999999999999998
0.8,0.34031999999999996,0.09215054624413024,0.09999999999999998
0.8,0.342815,0.09240009083260237,0.09999999999999998
0.8,0.34530999999999995,0.0926453108418171,0.09999999999999998
0.8,0.347805,0.09288622598257641,0.09999999999999998
0.8,0.3503,0.0931228555744811,0.09999999999999998
0.8,0.35279499999999997,0.09335521854992027,0.09999999999999998
0.8,0.35529,0.09358333345796829,0.09999999999999998
0.8,0.35778499999999996,0.09380721846819093,0.09999999999999998
0.8,0.36028,0.094026891374362,0.09999999999999998
0.8,0.36277499999999996,0.09424236959809226,0.09999999999999998
0.8,0.36527,0.09445367019237148,0.09999999999999998
0.8,0.36776499999999995,0.09466080984502571,0.09999999999999998
0.8,0.37026,0.09486380488209048,0.09999999999999998
0.8,0.37275499999999995,0.09506267127110161,0.09999999999999998
0.8,0.37525,0.09525742462430477,0.09999999999999998
0.8,0.377745,0.0954480802017849,0.09999999999999998
0.8,0.38023999999999997,0.09563465291451716,0.09999999999999998
0.8,0.382735,0.09581715732733967,0.09999999999999998
0.8,0.38522999999999996,0.09599560766185028,0.09999999999999998
0.8,0.387725,0.09617001779922751,0.09999999999999998
0.8,0.39021999999999996,0.09634040128297734,0.09999999999999998
0.8,0.392715,0.09650677132160645,0.09999999999999998
0.8,0.39520999999999995,0.09666914079122343,0.09999999999999998
0.8,0.397705,0.09682752223806824,0.09999999999999998
0.8,0.4002,0.09698192788097157,0.09999999999999998
0.8,0.40269499999999997,0.09713236961374443,0.09999999999999998
0.8,0.40519,0.0972788590074993,0.09999999999999998
0.8,0.40768499999999996,0.09742140731290337,0.09999999999999998
0.8,0.41018,0.09756002546236499,0.09999999999999998
0.8,0.41267499999999996,0.09769472407215363,0.09999999999999998
0.8,0.41517,0.09782551344445496,0.09999999999999998
0.8,0.41766499999999995,0.09795240356936094,0.09999999999999998
0.8,0.42016,0.09807540412679618,0.09999999999999998
0.8,0.42265499999999995,0.09819452448838092,0.09999999999999998
0.8,0.42515,0.09830977371923189,0.09999999999999998
0.8,0.427645,0.09842116057970075,0.09999999999999998
0.8,0.43013999999999997,0.0985286935270518,0.09999999999999998
0.8,0.432635,0.09863238071707874,0.09999999999999998
0.8,0.43512999999999996,0.09873223000566149,0.09999999999999998
0.8,0.437625,0.09882824895026349,0.09999999999999998
0.8,0.44011999999999996,0.09892044481137004,0.09999999999999998
0.8,0.442615,0.09900882455386818,0.09999999999999998
0.8,0.44510999999999995,0.09909339484836871,0.09999999999999998
0.8,0.447605,0.09917416207247051,0.09999999999999998
0.8,0.45009999999999994,0.09925113231196811,0.09999999999999998
0.8,0.45259499999999997,0.09932431136200236,0.09999999999999998
0.8,0.45509,0.09939370472815519,0.09999999999999998
0.8,0.45758499999999996,0.09945931762748834,0.09999999999999998
0.8,0.46008,0.09952115498952667,0.09999999999999998
0.8,0.46257499999999996,0.09957922145718656,0.09999999999999998
0.8,0.46507,0.0996335213876493,0.09999999999999998
0.8,0.46756499999999995,0.09968405885318014,0.09999999999999998
0.8,0.47006,0.09973083764189318,0.09999999999999998
0.8,0.47255499999999995,0.09977386125846231,0.09999999999999998
0.8,0.47505,0.09981313292477847,0.09999999999999998
0.8,0.47754499999999994,0.09984865558055361,0.09999999999999998
0.8,0.48003999999999997,0.0998804318838712,0.09999999999999998
0.8,0.482535,0.099908464211684,0.09999999999999998
0.8,0.48502999999999996,0.09993275466025882,0.09999999999999998
0.8,0.487525,0.09995330504556853,0.09999999999999998
0.8,0.49001999999999996,0.09997011690363161,0.09999999999999998
0.8,0.492515,0.09998319149079947,0.09999999999999998
0.8,0.49500999999999995,0.09999252978399084,0.09999999999999998
0.8,0.497505,0.09999813248087464,0.09999999999999998
0.8,0.49999999999999994,0.09999999999999998,0.09999999999999998
0.8,0.5024949999999999,0.09999813248087464,0.09999999999999998
0.8,0.5049899999999999,0.09999252978399084,0.09999999999999998
0.8,0.507485,0.09998319149079948,0.09999999999999998
0.8,0.50998,0.09997011690363163,0.09999999999999998
0.8,0.512475,0.09995330504556851,0.09999999999999998
0.8,0.5149699999999999,0.09993275466025882,0.09999999999999998
0.8,0.517465,0.09990846421168402,0.09999999999999998
0.8,0.51996,0.09988043188387122,0.09999999999999998
0.8,0.522455,0.0998486555805536,0.09999999999999998
0.8,0.5249499999999999,0.09981313292477847,0.09999999999999998
0.8,0.5274449999999999,0.09977386125846231,0.09999999999999998
0.8,0.52994,0.09973083764189318,0.09999999999999998
0.8,0.532435,0.09968405885318014,0.09999999999999998
0.8,0.53493,0.09963352138764932,0.09999999999999998
0.8,0.5374249999999999,0.09957922145718656,0.09999999999999998
0.8,0.53992,0.09952115498952668,0.09999999999999998
0.8,0.542415,0.09945931762748834,0.09999999999999998
0.8,0.54491,0.0993937047281552,0.09999999999999998
0.8,0.5474049999999999,0.09932431136200236,0.09999999999999998
0.8,0.5498999999999999,0.0992511323119681,0.09999999999999998
0.8,0.552395,0.09917416207247051,0.09999999999999998
0.8,0.55489,0.09909339484836871,0.09999999999999998
0.8,0.5573849999999999,0.09900882455386817,0.09999999999999998
0.8,0.5598799999999999,0.09892044481137004,0.09999999999999998
0.8,0.562375,0.09882824895026349,0.09999999999999998
0.8,0.56487,0.0987322300056615,0.09999999999999998
0.8,0.567365,0.09863238071707874,0.09999999999999998
0.8,0.5698599999999999,0.0985286935270518,0.09999999999999998
0.8,0.572355,0.09842116057970075,0.09999999999999998
0.8,0.57485,0.09830977371923189,0.09999999999999998
0.8,0.577345,0.09819452448838094,0.09999999999999998
0.8,0.5798399999999999,0.09807540412679619,0.09999999999999998
0.8,0.5823349999999999,0.09795240356936094,0.09999999999999998
0.8,0.58483,0.09782551344445496,0.09999999999999998
0.8,0.587325,0.09769472407215364,0.09999999999999998
0.8,0.58982,0.09756002546236497,0.09999999999999998
0.8,0.5923149999999999,0.09742140731290339,0.09999999999999998
0.8,0.59481,0.0972788590074993,0.09999999999999998
0.8,0.597305,0.09713236961374444,0.09999999999999998
0.8,0.5998,0.09698192788097156,0.09999999999999998
0.8,0.6022949999999999,0.09682752223806826,0.09999999999999998
0.8,0.6047899999999999,0.09666914079122342,0.09999999999999998
0.8,0.607285,0.09650677132160645,0.09999999999999998
0.8,0.60978,0.09634040128297731,0.09999999999999998
0.8,0.6122749999999999,0.09617001779922751,0.09999999999999998
0.8,0.6147699999999999,0.09599560766185028,0.09999999999999998
0.8,0.617265,0.09581715732733967,0.09999999999999998
0.8,0.61976,0.09563465291451714,0.09999999999999998
0.8,0.622255,0.09544808020178491,0.09999999999999998
0.8,0.6247499999999999,0.09525742462430477,0.09999999999999998
0.8,0.6272449999999999,0.09506267127110161,0.09999999999999998
0.8,0.62974,0.09486380488209051,0.09999999999999998
0.8,0.632235,0.09466080984502571,0.09999999999999998
0.8,0.6347299999999999,0.0944536701923715,0.09999999999999998
0.8,0.6372249999999999,0.09424236959809226,0.09999999999999998
0.8,0.63972,0.09402689137436201,0.09999999999999998
0.8,0.642215,0.09380721846819093,0.09999999999999998
0.8,0.64471,0.09358333345796829,0.09999999999999998
0.8,0.6472049999999999,0.09335521854992027,0.09999999999999998
0.8,0.6496999999999999,0.09312285557448112,0.09999999999999998
0.8,0.652195,0.09288622598257643,0.09999999999999998
0.8,0.65469,0.09264531084181711,0.09999999999999998
0.8,0.6571849999999999,0.09240009083260238,0.09999999999999998
0.8,0.6596799999999999,0.09215054624413027,0.09999999999999998
0.8,0.662175,0.09189665697031424,0.09999999999999998
0.8,0.66467,0.09163840250560423,0.09999999999999998
0.8,0.667165,0.09137576194071009,0.09999999999999998
0.8,0.6696599999999999,0.0911087139582265,0.09999999999999998
0.8,0.672155,0.09083723682815646,0.09999999999999998
0.8,0.67465,0.09056130840333292,0.09999999999999998
0.8,0.677145,0.09028090611473544,0.09999999999999998
0.8,0.6796399999999999,0.08999600696670074,0.09999999999999998
0.8,0.6821349999999999,0.08970658753202464,0.09999999999999998
0.8,0.68463,0.08941262394695437,0.09999999999999998
0.8,0.687125,0.08911409190606755,0.09999999999999998
0.8,0.6896199999999999,0.08881096665703732,0.09999999999999998
0.8,0.6921149999999999,0.0885032229952806,0.09999999999999998
0.8,0.69461,0.08819083525848719,0.09999999999999998
0.8,0.697105,0.08787377732102793,0.09999999999999998
0.8,0.6996,0.08755202258823905,0.09999999999999998
0.8,0.7020949999999999,0.08722554399058054,0.09999999999999998
0.8,0.7045899999999999,0.08689431397766595,0.09999999999999998
0.8,0.707085,0.08655830451216112,0.09999999999999998
0.8,0.70958,0.08621748706354919,0.09999999999999998
0.8,0.7120749999999999,0.08587183260175928,0.09999999999999998
0.8,0.7145699999999999,0.08552131159065546,0.09999999999999998
0.8,0.717065,0.08516589398138452,0.09999999999999998
0.8,0.71956,0.08480554920557809,0.09999999999999998
0.8,0.722055,0.08444024616840692,0.09999999999999998
0.8,0.7245499999999999,0.08406995324148427,0.09999999999999998
0.8,0.7270449999999999,0.08369463825561475,0.09999999999999998
0.8,0.72954,0.08331426849338612,0.09999999999999998
0.8,0.732035,0.08292881068159964,0.09999999999999998
0.8,0.7345299999999999,0.08253823098353678,0.09999999999999998
0.8,0.7370249999999999,0.0821424949910574,0.09999999999999998
0.8,0.73952,0.08174156771652726,0.09999999999999998
0.8,0.742015,0.08133541358456982,0.09999999999999998
0.8,0.7445099999999999,0.08092399642363918,0.09999999999999998
0.8,0.7470049999999999,0.08050727945741006,0.09999999999999998
0.8,0.7494999999999999,0.08008522529598114,0.09999999999999998
0.8,0.751995,0.0796577959268867,0.09999999999999998
0.8,0.75449,0.07922495270591341,0.09999999999999998
0.8,0.7569849999999999,0.0787866563477169,0.09999999999999998
0.8,0.7594799999999999,0.0783428669162345,0.09999999999999998
0.8,0.761975,0.07789354381488871,0.09999999999999998
0.8,0.76447,0.07743864577657708,0.09999999999999998
0.8,0.7669649999999999,0.07697813085344371,0.09999999999999998
0.8,0.7694599999999999,0.0765119564064269,0.09999999999999998
0.8,0.771955,0.0760400790945782,0.09999999999999998
0.8,0.77445,0.07556245486414732,0.09999999999999998
0.8,0.776945,0.07507903893742753,0.09999999999999998
0.8,0.7794399999999999,0.07458978580135582,0.09999999999999998
0.8,0.7819349999999999,0.0740946491958621,0.09999999999999998
0.8,0.78443,0.07359358210196174,0.09999999999999998
0.8,0.786925,0.07308653672958472,0.09999999999999998
0.8,0.7894199999999999,0.07257346450513585,0.09999999999999998
0.8,0.7919149999999999,0.072054316058779,0.09999999999999998
0.8,0.79441,0.07152904121143905,0.09999999999999998
0.8,0.796905,0.07099758896151435,0.09999999999999998
0.8,0.7994,0.07045990747129341,0.09999999999999998
0.8,0.8018949999999999,0.06991594405306739,0.09999999999999998
0.8,0.8043899999999999,0.06936564515493195,0.09999999999999998
0.8,0.806885,0.06880895634627048,0.09999999999999998
0.8,0.80938,0.06824582230291054,0.09999999999999998
0.8,0.8118749999999999,0.06767618679194581,0.09999999999999998
0.8,0.8143699999999999,0.06709999265621473,0.09999999999999998
0.8,0.816865,0.06651718179842771,0.09999999999999998
0.8,0.81936,0.06592769516493358,0.09999999999999998
0.8,0.8218549999999999,0.06533147272911649,0.09999999999999998
0.8,0.8243499999999999,0.0647284534744136,0.09999999999999998
0.8,0.8268449999999999,0.06411857537694407,0.09999999999999998
0.8,0.82934,0.06350177538773927,0.09999999999999998
0.8,0.831835,0.06287798941456388,0.09999999999999998
0.8,0.8343299999999999,0.062247152303317524,0.09999999999999998
0.8,0.8368249999999999,0.06160919781900559,0.09999999999999998
0.8,0.83932,0.060964058626268566,0.09999999999999998
0.8,0.841815,0.06031166626945791,0.09999999999999998
0.8,0.8443099999999999,0.059651951152246516,0.09999999999999998
0.8,0.8468049999999999,0.0589848425167616,0.09999999999999998
0.8,0.8492999999999999,0.05831026842222751,0.09999999999999998
0.8,0.851795,0.057628155723104875,0.09999999999999998
0.8,0.85429,0.056938430046713034,0.09999999999999998
0.8,0.8567849999999999,0.056241015770321805,0.09999999999999998
0.8,0.8592799999999999,0.055535835997697826,0.09999999999999998
0.8,0.861775,0.054822812535091435,0.09999999999999998
0.8,0.86427,0.054101865866648176,0.09999999999999998
0.8,0.8667649999999999,0.0533729151292294,0.09999999999999998
0.8,0.8692599999999999,0.05263587808662566,0.09999999999999998
0.8,0.871755,0.05189067110314671,0.09999999999999998
0.8,0.87425,0.05113720911656967,0.09999999999999998
0.8,0.8767449999999999,0.05037540561042867,0.09999999999999998
0.8,0.8792399999999999,0.04960517258562674,0.09999999999999998
0.8,0.8817349999999999,0.04882642053135156,0.09999999999999998
0.8,0.88423,0.048039058395274774,0.09999999999999998
0.8,0.886725,0.04724299355301515,0.09999999999999998
0.8,0.8892199999999999,0.046438131776844395,0.09999999999999998
0.8,0.8917149999999999,0.045624377203613786,0.09999999999999998
0.8,0.89421,0.044801632301879946,0.09999999999999998
0.8,0.896705,0.04396979783820578,0.09999999999999998
0.8,0.8991999999999999,0.04312877284261354,0.09999999999999998
0.8,0.9016949999999999,0.0422784545731645,0.09999999999999998
0.8,0.9041899999999999,0.041418738479640935,0.09999999999999998
0.8,0.906685,0.04054951816630281,0.09999999999999998
0.8,0.90918,0.03967068535369277,0.09999999999999998
0.8,0.9116749999999999,0.03878212983946094,0.09999999999999998
0.8,0.9141699999999999,0.03788373945818052,0.09999999999999998
0.8,0.916665,0.03697540004012423,0.09999999999999998
0.8,0.91916,0.03605699536896988,0.09999999999999998
0.8,0.9216549999999999,0.035128407138403595,0.09999999999999998
0.8,0.9241499999999999,0.03418951490758665,0.09999999999999998
0.8,0.9266449999999999,0.033240196055452115,0.09999999999999998
0.8,0.92914,0.03228032573379488,0.09999999999999998
0.8,0.9316349999999999,0.031309776819118555,0.09999999999999998
0.8,0.9341299999999999,0.030328419863200715,0.09999999999999998
0.8,0.9366249999999999,0.029336123042337302,0.09999999999999998
0.8,0.93912,0.028332752105224394,0.09999999999999998
0.8,0.941615,0.027318170319435474,0.09999999999999998
0.8,0.9441099999999999,0.0262922384164499,0.09999999999999998
0.8,0.9466049999999999,0.025254814535186784,0.09999999999999998
0.8,0.9490999999999999,0.024205754163997555,0.09999999999999998
0.8,0.951595,0.0231449100810674,0.09999999999999998
0.8,0.9540899999999999,0.022072132293175457,0.09999999999999998
0.8,0.9565849999999999,0.020987267972760584,0.09999999999999998
0.8,0.9590799999999999,0.019890161393238695,0.09999999999999998
0.8,0.961575,0.01878065386251431,0.09999999999999998
0.8,0.96407,0.017658583654628076,0.09999999999999998
0.8,0.9665649999999999,0.016523785939479146,0.09999999999999998
0.8,0.9690599999999999,0.015376092710558968,0.09999999999999998
0.8,0.971555,0.014215332710631532,0.09999999999999998
0.8,0.97405,0.01304133135529092,0.09999999999999998
0.8,0.9765449999999999,0.0118539106543264,0.09999999999999998
0.8,0.9790399999999999,0.010652889130820804,0.09999999999999998
0.8,0.9815349999999999,0.009438081737906895,0.09999999999999998
0.8,0.98403,0.008209299773101445,0.09999999999999998
0.8,0.986525,0.006966350790135489,0.09999999999999998
0.8,0.9890199999999999,0.005709038508194961,0.09999999999999998
0.8,0.9915149999999999,0.004437162718482643,0.09999999999999998
0.8,0.99401,0.0031505191880098113,0.09999999999999998
0.8,0.996505,0.0018488995605204603,0.09999999999999998
0.8,0.999,0.0005320912544490743,0.09999999999999998
