gamma,candidate_lower,baseline_upper,improvement_certificate
1.0,0.6,0.4,0.19999999999999996
1.01,0.598804780876494,0.401195219123506,0.19760956175298805
1.02,0.5976190476190476,0.4023809523809524,0.1952380952380952
1.03,0.5964426877470356,0.40355731225296443,0.19288537549407114
1.04,0.5952755905511811,0.40472440944881893,0.19055118110236213
1.05,0.5941176470588235,0.40588235294117647,0.18823529411764706
1.06,0.59296875,0.40703125000000007,0.18593749999999998
1.07,0.591828793774319,0.4081712062256809,0.18365758754863803
1.08,0.5906976744186045,0.40930232558139534,0.1813953488372092
1.09,0.5895752895752895,0.41042471042471046,0.17915057915057903
1.1,0.5884615384615384,0.4115384615384616,0.1769230769230768
1.11,0.5873563218390805,0.41264367816091957,0.17471264367816092
1.12,0.5862595419847327,0.4137404580152672,0.17251908396946553
1.13,0.5851711026615969,0.414828897338403,0.17034220532319388
1.1400000000000001,0.584090909090909,0.41590909090909095,0.16818181818181804
1.15,0.5830188679245283,0.4169811320754717,0.16603773584905657
1.16,0.5819548872180451,0.4180451127819549,0.16390977443609023
1.17,0.5808988764044943,0.4191011235955056,0.16179775280898873
1.18,0.5798507462686566,0.42014925373134326,0.15970149253731336
1.19,0.578810408921933,0.42118959107806686,0.15762081784386617
1.2,0.5777777777777777,0.4222222222222222,0.1555555555555555
1.21,0.5767527675276752,0.4232472324723247,0.15350553505535053
1.22,0.575735294117647,0.42426470588235293,0.15147058823529408
1.23,0.5747252747252747,0.42527472527472526,0.14945054945054942
1.24,0.5737226277372263,0.42627737226277373,0.14744525547445253
1.25,0.5727272727272728,0.42727272727272725,0.1454545454545455
1.26,0.5717391304347825,0.42826086956521736,0.14347826086956517
1.27,0.5707581227436822,0.4292418772563177,0.14151624548736452
1.28,0.5697841726618704,0.43021582733812946,0.13956834532374096
1.29,0.5688172043010753,0.4311827956989247,0.1376344086021506
1.3,0.5678571428571428,0.43214285714285716,0.13571428571428568
1.31,0.5669039145907473,0.4330960854092527,0.1338078291814946
1.32,0.5659574468085106,0.4340425531914893,0.13191489361702124
1.33,0.5650176678445229,0.434982332155477,0.1300353356890459
1.34,0.5640845070422535,0.43591549295774645,0.1281690140845071
1.35,0.5631578947368421,0.4368421052631579,0.12631578947368416
1.3599999999999999,0.5622377622377622,0.43776223776223777,0.12447552447552446
1.37,0.5613240418118466,0.4386759581881533,0.12264808362369328
1.38,0.5604166666666667,0.4395833333333333,0.12083333333333335
1.3900000000000001,0.5595155709342561,0.4404844290657439,0.11903114186851216
1.4,0.5586206896551724,0.4413793103448276,0.11724137931034484
1.4100000000000001,0.5577319587628866,0.4422680412371134,0.11546391752577323
1.42,0.5568493150684932,0.4431506849315069,0.11369863013698633
1.43,0.5559726962457339,0.44402730375426624,0.11194539249146762
1.44,0.5551020408163265,0.4448979591836735,0.11020408163265305
1.45,0.5542372881355933,0.44576271186440675,0.1084745762711865
1.46,0.5533783783783783,0.44662162162162167,0.10675675675675667
1.47,0.5525252525252525,0.44747474747474747,0.10505050505050506
1.48,0.5516778523489934,0.44832214765100675,0.1033557046979866
1.49,0.5508361204013378,0.4491638795986622,0.10167224080267556
1.5,0.5499999999999999,0.45,0.09999999999999992
1.51,0.5491694352159469,0.45083056478405314,0.09833887043189371
1.52,0.5483443708609271,0.45165562913907287,0.09668874172185427
1.53,0.5475247524752475,0.4524752475247525,0.09504950495049497
1.54,0.5467105263157894,0.4532894736842105,0.0934210526315789
1.55,0.5459016393442622,0.4540983606557377,0.09180327868852445
1.56,0.5450980392156862,0.4549019607843137,0.0901960784313725
1.57,0.5442996742671009,0.45570032573289904,0.08859934853420187
1.58,0.5435064935064935,0.4564935064935065,0.08701298701298699
1.5899999999999999,0.5427184466019417,0.45728155339805826,0.08543689320388342
1.6,0.5419354838709677,0.45806451612903226,0.08387096774193542
1.6099999999999999,0.5411575562700964,0.45884244372990357,0.08231511254019286
1.62,0.5403846153846154,0.45961538461538465,0.0807692307692307
1.63,0.5396166134185303,0.46038338658146966,0.07923322683706063
1.6400000000000001,0.5388535031847133,0.46114649681528663,0.07770700636942662
1.65,0.5380952380952381,0.46190476190476193,0.07619047619047614
1.6600000000000001,0.5373417721518987,0.4626582278481013,0.07468354430379742
1.67,0.5365930599369085,0.4634069400630915,0.07318611987381701
1.6800000000000002,0.5358490566037735,0.4641509433962264,0.07169811320754704
1.69,0.5351097178683385,0.46489028213166145,0.07021943573667705
1.7000000000000002,0.5343749999999999,0.465625,0.06874999999999992
1.71,0.5336448598130841,0.46635514018691593,0.06728971962616814
1.72,0.5329192546583851,0.4670807453416149,0.06583850931677016
1.73,0.5321981424148606,0.46780185758513937,0.06439628482972126
1.74,0.5314814814814814,0.46851851851851856,0.06296296296296289
1.75,0.5307692307692308,0.4692307692307693,0.061538461538461486
1.76,0.5300613496932515,0.4699386503067485,0.060122699386503
1.77,0.5293577981651376,0.47064220183486244,0.05871559633027518
1.78,0.5286585365853658,0.4713414634146342,0.05731707317073159
1.79,0.5279635258358663,0.47203647416413375,0.05592705167173251
1.8,0.5272727272727272,0.4727272727272728,0.05454545454545445
1.81,0.5265861027190332,0.4734138972809668,0.05317220543806639
1.82,0.5259036144578313,0.4740963855421687,0.051807228915662584
1.83,0.5252252252252252,0.4747747747747748,0.05045045045045038
1.8399999999999999,0.5245508982035928,0.4754491017964072,0.049101796407185594
1.85,0.5238805970149254,0.47611940298507466,0.04776119402985074
1.8599999999999999,0.5232142857142857,0.4767857142857143,0.04642857142857143
1.87,0.5225519287833827,0.47744807121661725,0.04510385756676549
1.88,0.5218934911242603,0.4781065088757397,0.04378698224852062
1.8900000000000001,0.5212389380530973,0.4787610619469027,0.04247787610619458
1.9,0.5205882352941177,0.47941176470588237,0.041176470588235314
1.9100000000000001,0.519941348973607,0.480058651026393,0.039882697947213996
1.92,0.5192982456140351,0.48070175438596496,0.038596491228070184
1.9300000000000002,0.5186588921282799,0.48134110787172013,0.03731778425655974
1.94,0.5180232558139535,0.4819767441860466,0.036046511627906896
1.9500000000000002,0.517391304347826,0.48260869565217396,0.03478260869565203
1.96,0.5167630057803468,0.4832369942196532,0.033526011560693625
1.97,0.5161383285302594,0.4838616714697407,0.03227665706051874
1.98,0.5155172413793103,0.4844827586206897,0.03103448275862064
1.99,0.5148997134670488,0.48510028653295134,0.02979942693409743
2.0,0.5142857142857142,0.48571428571428577,0.02857142857142847
2.01,0.5136752136752136,0.4863247863247863,0.02735042735042731
2.02,0.5130681818181818,0.48693181818181824,0.02613636363636357
2.0300000000000002,0.5124645892351274,0.48753541076487256,0.02492917847025483
2.04,0.5118644067796609,0.488135593220339,0.023728813559321937
2.05,0.5112676056338028,0.4887323943661972,0.022535211267605604
2.06,0.5106741573033708,0.48932584269662927,0.02134831460674158
2.0700000000000003,0.5100840336134453,0.48991596638655466,0.020168067226890685
2.08,0.5094972067039106,0.4905027932960894,0.01899441340782121
2.09,0.5089136490250696,0.49108635097493036,0.017827298050139273
2.1,0.5083333333333333,0.4916666666666667,0.016666666666666607
2.1100000000000003,0.5077562326869806,0.49224376731301944,0.015512465373961115
2.12,0.507182320441989,0.4928176795580111,0.014364640883977875
2.13,0.5066115702479339,0.49338842975206615,0.013223140495867758
2.14,0.506043956043956,0.49395604395604403,0.01208791208791199
2.1500000000000004,0.5054794520547945,0.4945205479452055,0.010958904109588996
2.16,0.5049180327868852,0.4950819672131148,0.00983606557377037
2.17,0.5043596730245231,0.49564032697547683,0.008719346049046284
2.1799999999999997,0.503804347826087,0.49619565217391304,0.007608695652173925
2.19,0.5032520325203251,0.4967479674796748,0.00650406504065032
2.2,0.5027027027027027,0.4972972972972973,0.00540540540540535
2.21,0.502156334231806,0.4978436657681941,0.004312668463611835
2.2199999999999998,0.5016129032258064,0.4983870967741935,0.0032258064516129115
2.23,0.5010723860589812,0.4989276139410188,0.002144772117962379
2.24,0.5005347593582887,0.49946524064171127,0.0010695187165774556
2.25,0.5,0.5,0.0
2.26,0.49946808510638296,0.5005319148936169,-0.0010638297872339608
2.27,0.4989389920424403,0.5010610079575597,-0.002122015915119402
2.2800000000000002,0.4984126984126984,0.5015873015873016,-0.0031746031746031633
2.29,0.49788918205804744,0.5021108179419524,-0.004221635883905006
2.3,0.49736842105263157,0.5026315789473684,-0.0052631578947368585
2.31,0.4968503937007874,0.5031496062992127,-0.006299212598425308
2.3200000000000003,0.49633507853403136,0.5036649214659686,-0.00732984293193728
2.33,0.49582245430809396,0.504177545691906,-0.008355091383812019
2.34,0.4953125,0.5046875,-0.009374999999999967
2.35,0.4948051948051948,0.5051948051948052,-0.010389610389610393
2.3600000000000003,0.494300518134715,0.505699481865285,-0.011398963730570033
2.37,0.49379844961240305,0.506201550387597,-0.01240310077519391
2.38,0.4932989690721649,0.506701030927835,-0.013402061855670111
2.39,0.4928020565552699,0.5071979434447301,-0.014395886889460252
2.4000000000000004,0.4923076923076923,0.5076923076923078,-0.015384615384615496
2.41,0.4918158567774936,0.5081841432225065,-0.01636828644501287
2.42,0.49132653061224485,0.508673469387755,-0.01734693877551019
2.4299999999999997,0.4908396946564885,0.5091603053435114,-0.018320610687022898
2.44,0.4903553299492386,0.5096446700507614,-0.019289340101522834
2.45,0.48987341772151893,0.5101265822784811,-0.020253164556962133
2.46,0.4893939393939394,0.5106060606060606,-0.021212121212121238
2.4699999999999998,0.48891687657430727,0.5110831234256927,-0.022166246851385463
2.48,0.48844221105527635,0.5115577889447236,-0.023115577889447236
2.49,0.48796992481203005,0.51203007518797,-0.024060150375939893
2.5,0.48749999999999993,0.5125,-0.025000000000000022
2.51,0.4870324189526184,0.5129675810473815,-0.025935162094763098
2.52,0.48656716417910445,0.5134328358208955,-0.026865671641791045
2.5300000000000002,0.48610421836228285,0.5138957816377172,-0.02779156327543436
2.54,0.48564356435643563,0.5143564356435644,-0.02871287128712874
2.55,0.48518518518518516,0.5148148148148148,-0.029629629629629672
2.56,0.48472906403940885,0.5152709359605911,-0.030541871921182295
2.5700000000000003,0.48427518427518423,0.5157248157248158,-0.03144963144963153
2.58,0.48382352941176465,0.5161764705882352,-0.032352941176470584
2.59,0.4833740831295843,0.5166259168704157,-0.033251833740831405
2.6,0.48292682926829267,0.5170731707317073,-0.034146341463414664
2.6100000000000003,0.48248175182481745,0.5175182481751825,-0.0350364963503651
2.62,0.4820388349514563,0.5179611650485436,-0.03592233009708734
2.63,0.4815980629539951,0.5184019370460049,-0.0368038740920098
2.64,0.48115942028985503,0.518840579710145,-0.037681159420289934
2.6500000000000004,0.480722891566265,0.519277108433735,-0.03855421686746996
2.66,0.4802884615384615,0.5197115384615385,-0.039423076923077005
2.67,0.4798561151079136,0.5201438848920863,-0.0402877697841727
2.6799999999999997,0.4794258373205742,0.5205741626794258,-0.0411483253588516
2.69,0.4789976133651551,0.5210023866348449,-0.042004773269689766
2.7,0.47857142857142854,0.5214285714285714,-0.042857142857142816
2.71,0.47814726840855104,0.521852731591449,-0.04370546318289792
2.7199999999999998,0.47772511848341237,0.5222748815165876,-0.04454976303317526
2.73,0.47730496453900706,0.5226950354609929,-0.04539007092198588
2.74,0.47688679245283017,0.5231132075471698,-0.04622641509433967
2.75,0.4764705882352941,0.5235294117647059,-0.04705882352941182
2.76,0.47605633802816905,0.523943661971831,-0.04788732394366191
2.77,0.47564402810304446,0.5243559718969555,-0.04871194379391103
2.7800000000000002,0.475233644859813,0.5247663551401869,-0.04953271028037387
2.79,0.4748251748251748,0.5251748251748252,-0.05034965034965039
2.8,0.4744186046511628,0.5255813953488373,-0.05116279069767449
2.81,0.47401392111368906,0.5259860788863109,-0.05197215777262182
2.8200000000000003,0.4736111111111111,0.5263888888888889,-0.05277777777777781
2.83,0.4732101616628175,0.5267898383371825,-0.05357967667436503
2.84,0.4728110599078341,0.5271889400921659,-0.05437788018433176
2.85,0.4724137931034482,0.5275862068965518,-0.05517241379310356
2.8600000000000003,0.47201834862385317,0.5279816513761468,-0.055963302752293664
2.87,0.47162471395881,0.5283752860411899,-0.05675057208237988
2.88,0.4712328767123288,0.5287671232876713,-0.05753424657534251
2.89,0.4708428246013667,0.5291571753986333,-0.058314350797266545
2.9000000000000004,0.4704545454545454,0.5295454545454545,-0.05909090909090914
2.91,0.4700680272108843,0.5299319727891156,-0.059863945578231326
2.92,0.46968325791855203,0.530316742081448,-0.060633484162895934
2.9299999999999997,0.4693002257336343,0.5306997742663657,-0.06139954853273144
2.94,0.4689189189189189,0.5310810810810811,-0.06216216216216219
2.95,0.4685393258426966,0.5314606741573034,-0.06292134831460677
2.96,0.46816143497757845,0.5318385650224215,-0.0636771300448431
2.9699999999999998,0.4677852348993289,0.5322147651006712,-0.06442953020134234
2.98,0.4674107142857143,0.5325892857142858,-0.06517857142857147
2.99,0.46703786191536745,0.5329621380846326,-0.0659242761692651
3.0,0.4666666666666666,0.5333333333333333,-0.06666666666666671
3.0100000000000002,0.46629711751662967,0.5337028824833703,-0.06740576496674061
3.02,0.465929203539823,0.534070796460177,-0.06814159292035399
3.0300000000000002,0.4655629139072847,0.5344370860927152,-0.06887417218543052
3.04,0.46519823788546255,0.5348017621145374,-0.0696035242290749
3.05,0.46483516483516485,0.5351648351648353,-0.07032967032967041
3.06,0.46447368421052626,0.5355263157894736,-0.07105263157894737
3.07,0.4641137855579869,0.5358862144420131,-0.07177242888402624
3.08,0.46375545851528377,0.5362445414847161,-0.07248908296943235
3.09,0.46339869281045754,0.5366013071895426,-0.07320261437908504
3.1,0.46304347826086956,0.5369565217391304,-0.07391304347826089
3.11,0.46268980477223426,0.5373101952277657,-0.07462039045553143
3.12,0.46233766233766227,0.5376623376623377,-0.07532467532467546
3.13,0.46198704103671706,0.5380129589632829,-0.07602591792656588
3.14,0.4616379310344827,0.5383620689655173,-0.07672413793103461
3.15,0.4612903225806452,0.5387096774193549,-0.07741935483870976
3.16,0.46094420600858366,0.5390557939914163,-0.07811158798283269
3.17,0.46059957173447535,0.5394004282655247,-0.07880085653104935
3.18,0.4602564102564102,0.5397435897435898,-0.07948717948717965
3.19,0.4599147121535181,0.5400852878464819,-0.08017057569296382
3.2,0.4595744680851063,0.5404255319148936,-0.0808510638297873
3.21,0.4592356687898089,0.5407643312101911,-0.08152866242038215
3.22,0.4588983050847457,0.5411016949152543,-0.08220338983050857
3.23,0.4585623678646934,0.5414376321353066,-0.0828752642706132
3.24,0.45822784810126577,0.5417721518987342,-0.08354430379746841
3.25,0.45789473684210524,0.5421052631578948,-0.08421052631578951
3.2600000000000002,0.45756302521008396,0.542436974789916,-0.08487394957983208
3.27,0.45723270440251573,0.5427672955974843,-0.08553459119496853
3.2800000000000002,0.4569037656903765,0.5430962343096235,-0.08619246861924701
3.29,0.45657620041753655,0.5434237995824636,-0.08684759916492701
3.3000000000000003,0.45624999999999993,0.54375,-0.08750000000000002
3.31,0.4559251559251559,0.5440748440748442,-0.08814968814968827
3.32,0.45560165975103734,0.5443983402489627,-0.08879668049792538
3.33,0.45527950310559007,0.5447204968944099,-0.08944099378881987
3.34,0.45495867768595044,0.5450413223140496,-0.09008264462809912
3.35,0.45463917525773195,0.5453608247422681,-0.09072164948453615
3.36,0.45432098765432094,0.5456790123456791,-0.09135802469135812
3.37,0.4540041067761807,0.5459958932238194,-0.09199178644763867
3.38,0.45368852459016396,0.5463114754098362,-0.0926229508196722
3.39,0.45337423312883435,0.5466257668711657,-0.09325153374233136
3.4,0.4530612244897959,0.5469387755102042,-0.09387755102040829
3.41,0.4527494908350306,0.5472505091649695,-0.09450101832993896
3.42,0.45243902439024386,0.5475609756097561,-0.09512195121951228
3.43,0.45212981744421904,0.547870182555781,-0.09574036511156198
3.44,0.4518218623481781,0.5481781376518219,-0.09635627530364377
3.45,0.45151515151515154,0.5484848484848486,-0.09696969696969704
3.46,0.4512096774193548,0.5487903225806452,-0.09758064516129039
3.47,0.4509054325955734,0.5490945674044265,-0.0981891348088531
3.48,0.4506024096385542,0.5493975903614459,-0.09879518072289167
3.49,0.4503006012024048,0.5496993987975952,-0.09939879759519044
3.5,0.44999999999999996,0.55,-0.10000000000000009
3.5100000000000002,0.4497005988023952,0.5502994011976048,-0.10059880239520957
3.52,0.44940239043824703,0.5505976095617531,-0.10119521912350604
3.5300000000000002,0.4491053677932405,0.5508946322067595,-0.10178926441351899
3.54,0.44880952380952377,0.5511904761904762,-0.10238095238095246
3.5500000000000003,0.44851485148514847,0.5514851485148515,-0.10297029702970306
3.56,0.44822134387351775,0.5517786561264822,-0.1035573122529645
3.57,0.44792899408284026,0.5520710059171597,-0.10414201183431948
3.58,0.44763779527559056,0.5523622047244094,-0.10472440944881889
3.59,0.44734774066797645,0.5526522593320236,-0.10530451866404711
3.6,0.44705882352941173,0.5529411764705883,-0.10588235294117654
3.61,0.44677103718199607,0.5532289628180039,-0.10645792563600787
3.62,0.446484375,0.5535156250000001,-0.10703125000000008
3.63,0.4461988304093567,0.5538011695906433,-0.10760233918128659
3.64,0.4459143968871595,0.5540856031128405,-0.108171206225681
3.65,0.44563106796116503,0.554368932038835,-0.10873786407766994
3.66,0.4453488372093023,0.5546511627906977,-0.10930232558139541
3.67,0.44506769825918757,0.5549323017408123,-0.10986460348162475
3.68,0.44478764478764476,0.5552123552123552,-0.11042471042471047
3.69,0.4445086705202312,0.5554913294797688,-0.11098265895953757
3.7,0.4442307692307692,0.5557692307692308,-0.11153846153846159
3.71,0.4439539347408829,0.556046065259117,-0.11209213051823413
3.72,0.4436781609195402,0.5563218390804598,-0.11264367816091964
3.73,0.4434034416826004,0.5565965583173996,-0.11319311663479925
3.74,0.4431297709923664,0.5568702290076336,-0.11374045801526722
3.75,0.44285714285714284,0.5571428571428572,-0.11428571428571432
3.7600000000000002,0.44258555133079847,0.5574144486692016,-0.11482889733840318
3.77,0.4423149905123339,0.557685009487666,-0.11537001897533206
3.7800000000000002,0.4420454545454545,0.5579545454545455,-0.11590909090909096
3.79,0.4417769376181474,0.5582230623818525,-0.11644612476370508
3.8000000000000003,0.44150943396226416,0.558490566037736,-0.11698113207547178
3.81,0.4412429378531073,0.5587570621468927,-0.11751412429378538
3.82,0.4409774436090225,0.5590225563909774,-0.1180451127819549
3.83,0.4407129455909944,0.5592870544090056,-0.11857410881801123
3.84,0.44044943820224713,0.5595505617977528,-0.11910112359550562
3.85,0.4401869158878504,0.5598130841121496,-0.11962616822429917
3.86,0.43992537313432833,0.5600746268656717,-0.12014925373134333
3.87,0.4396648044692737,0.5603351955307263,-0.12067039106145261
3.88,0.43940520446096654,0.5605947955390335,-0.12118959107806693
3.89,0.43914656771799626,0.5608534322820037,-0.12170686456400742
3.9,0.4388888888888889,0.5611111111111111,-0.12222222222222223
3.91,0.4386321626617375,0.5613678373382625,-0.12273567467652496
3.92,0.4383763837638376,0.5616236162361623,-0.12324723247232472
3.93,0.43812154696132594,0.561878453038674,-0.12375690607734807
3.94,0.43786764705882353,0.5621323529411765,-0.12426470588235294
3.95,0.43761467889908257,0.5623853211009174,-0.12477064220183487
3.96,0.43736263736263736,0.5626373626373626,-0.12527472527472527
3.97,0.43711151736745885,0.5628884826325411,-0.12577696526508225
3.98,0.4368613138686131,0.5631386861313868,-0.12627737226277375
3.99,0.43661202185792347,0.5633879781420765,-0.12677595628415306
4.0,0.43636363636363634,0.5636363636363637,-0.12727272727272737
4.01,0.4361161524500907,0.5638838475499093,-0.12776769509981856
4.02,0.4358695652173913,0.5641304347826087,-0.12826086956521743
4.03,0.435623869801085,0.564376130198915,-0.12875226039783
4.04,0.4353790613718411,0.5646209386281589,-0.12924187725631775
4.050000000000001,0.43513513513513513,0.5648648648648649,-0.12972972972972974
4.0600000000000005,0.43489208633093523,0.5651079136690649,-0.13021582733812964
4.07,0.43464991023339317,0.5653500897666068,-0.13070017953321367
4.08,0.4344086021505376,0.5655913978494624,-0.13118279569892483
4.09,0.43416815742397136,0.5658318425760287,-0.13166368515205734
4.1,0.43392857142857144,0.5660714285714286,-0.13214285714285712
4.109999999999999,0.43368983957219254,0.5663101604278076,-0.13262032085561504
4.12,0.43345195729537367,0.5665480427046263,-0.13309608540925266
4.13,0.4332149200710479,0.566785079928952,-0.1335701598579041
4.140000000000001,0.43297872340425525,0.5670212765957447,-0.1340425531914895
4.15,0.4327433628318584,0.5672566371681416,-0.13451327433628318
4.16,0.43250883392226147,0.5674911660777385,-0.13498233215547706
4.17,0.43227513227513226,0.5677248677248677,-0.1354497354497355
4.18,0.4320422535211268,0.5679577464788732,-0.1359154929577464
4.1899999999999995,0.43181019332161685,0.5681898066783831,-0.1363796133567663
4.2,0.43157894736842106,0.5684210526315789,-0.13684210526315788
4.21,0.43134851138353764,0.5686514886164624,-0.13730297723292478
4.220000000000001,0.4311188811188811,0.5688811188811189,-0.13776223776223784
4.23,0.4308900523560209,0.569109947643979,-0.13821989528795814
4.24,0.4306620209059233,0.5693379790940767,-0.13867595818815337
4.25,0.4304347826086956,0.5695652173913044,-0.13913043478260878
4.26,0.4302083333333333,0.5697916666666667,-0.1395833333333334
4.27,0.4299826689774697,0.5700173310225304,-0.1400346620450607
4.28,0.429757785467128,0.570242214532872,-0.14048442906574404
4.29,0.42953367875647663,0.5704663212435233,-0.14093264248704662
4.300000000000001,0.4293103448275862,0.5706896551724139,-0.1413793103448277
4.3100000000000005,0.4290877796901893,0.5709122203098107,-0.1418244406196214
4.32,0.4288659793814433,0.5711340206185567,-0.1422680412371134
4.33,0.42864493996569464,0.5713550600343054,-0.14271012006861072
4.34,0.4284246575342466,0.5715753424657535,-0.1431506849315069
4.35,0.42820512820512824,0.5717948717948718,-0.14358974358974352
4.359999999999999,0.4279863481228669,0.572013651877133,-0.14402730375426614
4.37,0.42776831345826233,0.5722316865417376,-0.1444633730834753
4.38,0.4275510204081633,0.5724489795918368,-0.14489795918367354
4.390000000000001,0.42733446519524615,0.5726655348047538,-0.14533106960950765
4.4,0.42711864406779654,0.5728813559322035,-0.14576271186440692
4.41,0.42690355329949237,0.5730964467005076,-0.14619289340101527
4.42,0.4266891891891892,0.5733108108108109,-0.14662162162162173
4.43,0.42647554806070825,0.5735244519392917,-0.14704890387858344
4.4399999999999995,0.42626262626262623,0.5737373737373737,-0.14747474747474743
4.45,0.42605042016806716,0.5739495798319327,-0.14789915966386558
4.46,0.42583892617449665,0.5741610738255034,-0.14832214765100676
4.470000000000001,0.42562814070351757,0.5743718592964824,-0.1487437185929648
4.48,0.42541806020066886,0.574581939799331,-0.14916387959866217
4.49,0.42520868113522536,0.5747913188647746,-0.14958263772954927
4.5,0.425,0.575,-0.14999999999999997
4.51,0.4247920133111481,0.575207986688852,-0.1504159733777039
4.52,0.4245847176079734,0.5754152823920266,-0.15083056478405316
4.53,0.4243781094527363,0.5756218905472636,-0.15124378109452735
4.54,0.42417218543046353,0.5758278145695365,-0.15165562913907293
4.550000000000001,0.4239669421487603,0.5760330578512397,-0.1520661157024794
4.5600000000000005,0.4237623762376237,0.5762376237623763,-0.1524752475247526
4.57,0.42355848434925863,0.5764415156507414,-0.15288303130148279
4.58,0.42335526315789473,0.5766447368421053,-0.15328947368421053
4.59,0.4231527093596059,0.5768472906403941,-0.15369458128078817
4.6,0.4229508196721311,0.5770491803278688,-0.15409836065573768
4.609999999999999,0.4227495908346972,0.5772504091653028,-0.15450081833060558
4.62,0.42254901960784313,0.5774509803921569,-0.15490196078431379
4.63,0.42234910277324633,0.5776508972267538,-0.15530179445350745
4.640000000000001,0.4221498371335505,0.5778501628664495,-0.15570032573289905
4.65,0.42195121951219505,0.578048780487805,-0.1560975609756099
4.66,0.42175324675324677,0.5782467532467532,-0.15649350649350646
4.67,0.42155591572123174,0.5784440842787683,-0.1568881685575365
4.68,0.42135922330097086,0.5786407766990291,-0.15728155339805827
4.6899999999999995,0.4211631663974152,0.5788368336025849,-0.15767366720516968
4.7,0.42096774193548386,0.5790322580645162,-0.15806451612903233
4.71,0.42077294685990335,0.5792270531400967,-0.15845410628019335
4.720000000000001,0.4205787781350482,0.5794212218649517,-0.15884244372990353
4.73,0.4203852327447833,0.5796147672552168,-0.15922953451043348
4.74,0.42019230769230764,0.5798076923076924,-0.15961538461538471
4.75,0.42,0.5800000000000001,-0.1600000000000001
4.76,0.41980830670926517,0.5801916932907348,-0.16038338658146967
4.77,0.4196172248803828,0.5803827751196172,-0.16076555023923444
4.78,0.41942675159235665,0.5805732484076433,-0.1611464968152867
4.79,0.41923688394276626,0.5807631160572337,-0.16152623211446748
4.800000000000001,0.419047619047619,0.5809523809523809,-0.16190476190476188
4.8100000000000005,0.41885895404120443,0.5811410459587956,-0.16228209191759113
4.82,0.4186708860759494,0.5813291139240506,-0.16265822784810124
4.83,0.4184834123222749,0.5815165876777252,-0.1630331753554503
4.84,0.41829652996845423,0.5817034700315458,-0.16340694006309153
4.85,0.41811023622047244,0.5818897637795275,-0.16377952755905506
4.859999999999999,0.41792452830188676,0.5820754716981131,-0.16415094339622638
4.87,0.41773940345368915,0.5822605965463108,-0.16452119309262164
4.88,0.41755485893416927,0.5824451410658307,-0.1648902821316614
4.890000000000001,0.4173708920187793,0.5826291079812207,-0.1652582159624414
4.9,0.4171875,0.5828125000000001,-0.16562500000000008
4.91,0.4170046801872075,0.5829953198127926,-0.16599063962558513
4.92,0.41682242990654206,0.5831775700934579,-0.16635514018691588
4.93,0.4166407465007776,0.5833592534992225,-0.16671850699844487
4.9399999999999995,0.4164596273291925,0.5835403726708075,-0.167080745341615
4.95,0.41627906976744183,0.5837209302325581,-0.16744186046511628
4.96,0.41609907120743034,0.5839009287925696,-0.16780185758513927
4.970000000000001,0.415919629057187,0.5840803709428131,-0.16816074188562607
4.98,0.41574074074074074,0.5842592592592593,-0.1685185185185185
4.99,0.4155624036979969,0.5844375963020032,-0.1688751926040063
5.0,0.41538461538461535,0.5846153846153845,-0.16923076923076918
